id,name,party_before,party_after,rollcall_id,rollcall_date,coalition_before,coalition_after
4931,Izalci,PL+PRONA>PR,PSDB,1807,2012-10-30 18:12:00,True,False
64960,Maria Helena,PMDB,PCB>PPS,1126,2003-09-24 20:43:00,False,True
64960,Maria Helena,PCB>PPS,PCB>PPS,1571,2005-02-23 19:14:00,True,False
64960,Maria Helena,PCB>PPS,PSB,1163,2005-10-11 16:10:00,False,True
65468,Ervin Bonkoski,PTB,PTB,284,1995-01-17 18:20:00,False,True
65472,Fábio Raunheitti,PTB,PTB,2141,1992-04-29 16:43:00,False,True
65472,Fábio Raunheitti,PTB,PTB,537,1994-02-23 12:07:00,True,False
65475,Flávio Rocha,PL+PRONA>PR,PL+PRONA>PR,1577,1992-05-06 18:04:00,False,True
65475,Flávio Rocha,PL+PRONA>PR,PL+PRONA>PR,906,1992-12-02 20:17:00,True,False
65480,Geraldo Alckmin Filho,PSDB,PSDB,1707,1992-10-21 17:30:00,False,True
65495,José Serra,PSDB,PSDB,1707,1992-10-21 17:30:00,False,True
65511,Miguel Arraes,PSB,PSB,553,1992-11-04 19:08:00,False,True
65511,Miguel Arraes,PSB,PSB,857,1993-09-15 12:28:00,True,False
65551,Wagner Lago,PDT,PDS>PP,2017,2003-09-15 00:00:00,True,False
65551,Wagner Lago,PDS>PP,PDS>PP,1027,2005-08-17 17:22:00,False,True
65551,Wagner Lago,PDS>PP,PDT,1163,2005-10-11 16:10:00,True,False
65904,Maurílio Ferreira Lima,PMDB,PMDB,553,1992-11-04 19:08:00,False,True
65987,Lúcia Braga,PMN,PT,1351,2003-10-15 17:58:00,False,True
65988,Antônio Britto,PMDB,PMDB,1582,1994-02-02 13:46:00,False,True
66490,Antônio Faleiros,PSDB,PSDB,1707,1992-10-21 17:30:00,False,True
68731,Henrique Oliveira,PL+PRONA>PR,SD,364,2013-10-08 17:57:00,True,False
72553,Gessivaldo Isaias,PL+PRONA>PR,PMDB,1140,1999-09-14 17:49:00,False,True
73416,Nelson Bornier,PL+PRONA>PR,PL+PRONA>PR,1574,1992-04-29 21:46:00,False,True
73416,Nelson Bornier,PL+PRONA>PR,PL+PRONA>PR,906,1992-12-02 20:17:00,True,False
73416,Nelson Bornier,PL+PRONA>PR,PSDB,785,1996-07-16 17:23:00,False,True
73416,Nelson Bornier,PSB,PMDB,510,2003-08-26 17:58:00,True,False
73416,Nelson Bornier,PMDB,PMDB,728,2004-01-27 17:24:00,False,True
73417,Nilton Cerqueira,PDS>PP,PSDB,2480,1998-04-29 17:52:00,False,True
73419,Roberto Campos,PDS>PP,PDS>PP,906,1992-12-02 20:17:00,True,False
73419,Roberto Campos,PPB,PPB,611,1996-05-07 17:13:00,False,True
73420,Roberto Jefferson,PTB,PTB,2141,1992-04-29 16:43:00,False,True
73420,Roberto Jefferson,PTB,PTB,820,1994-02-08 13:25:00,True,False
73422,Rubem Medina,PFL>DEM,PFL>DEM,579,2002-03-19 18:50:00,True,False
73424,Simão Sessim,PPB,PSDB,1984,1996-01-17 16:50:00,False,True
73424,Simão Sessim,PDS>PP,PDS>PP,1027,2005-08-17 17:22:00,False,True
73426,Adhemar de Barros Filho,PPB,PPB,1324,1996-05-08 18:19:00,False,True
73427,Alberto Goldman,PMDB,PMDB,456,1994-01-12 13:30:00,False,True
73429,Almino Affonso,PSDB,PSB,457,1997-10-07 18:28:00,True,False
73434,Arnaldo Faria de Sá,PPB,PPB,611,1996-05-07 17:13:00,False,True
73434,Arnaldo Faria de Sá,PPB,PTB,1375,2001-09-04 18:48:00,True,False
73434,Arnaldo Faria de Sá,PTB,PTB,1201,2009-09-30 17:25:00,True,False
73435,Ary Kara,PMDB,PMDB,1707,1992-10-21 17:30:00,False,True
73435,Ary Kara,PPB,PTB,430,2001-11-06 18:56:00,True,False
73437,Beto Mansur,PPB,PPB,897,1996-05-14 17:49:00,False,True
73441,Celso Russomanno,PDS>PP,PDS>PP,1027,2005-08-17 17:22:00,False,True
73442,Corauci Sobrinho,PL+PRONA>PR,PFL>DEM,400,1995-04-19 20:24:00,False,True
73442,Corauci Sobrinho,PFL>DEM,PFL>DEM,206,2002-03-12 18:08:00,True,False
73443,Cunha Bueno,PDS>PP,PDS>PP,1707,1992-10-21 17:30:00,True,False
73443,Cunha Bueno,PPB,PPB,611,1996-05-07 17:13:00,False,True
73444,Cunha Lima,PDT,PSDB,1250,1995-09-12 16:56:00,False,True
73444,Cunha Lima,PSDB,PPB,1984,1996-01-17 16:50:00,True,False
73444,Cunha Lima,PPB,PPB,611,1996-05-07 17:13:00,False,True
73445,Delfim Netto,PDS>PP,PDS>PP,1803,1992-12-08 17:51:00,True,False
73445,Delfim Netto,PPB,PPB,611,1996-05-07 17:13:00,False,True
73445,Delfim Netto,PDS>PP,PDS>PP,1161,2005-08-23 18:55:00,False,True
73447,Edinho Araújo,PMDB,PCB>PPS,2032,1999-10-06 17:46:00,True,False
73449,Fábio Feldmann,PSDB,PSDB,1707,1992-10-21 17:30:00,False,True
73450,Fausto Martello,PPB,PPB,1324,1996-05-08 18:19:00,False,True
73456,Waldemir Moka,PMDB,PMDB,728,2004-01-27 17:24:00,False,True
73457,Airton Roveda,PSDB,PTB,1548,2001-09-25 18:23:00,True,False
73457,Airton Roveda,PMDB,PMDB,728,2004-01-27 17:24:00,False,True
73457,Airton Roveda,PTB,PCB>PPS,2131,2005-11-08 17:12:00,True,False
73457,Airton Roveda,PCB>PPS,PL+PRONA>PR,2355,2007-03-26 19:24:00,False,True
73458,Alex Canziani,PTB,PTB,523,2009-10-06 21:38:00,True,False
73460,Gustavo Fruet,PMDB,PMDB,179,2004-01-28 12:30:00,False,True
73460,Gustavo Fruet,PMDB,PSDB,1571,2005-02-23 19:14:00,True,False
73461,Iris Simões,PTB,PL+PRONA>PR,103,2010-02-23 20:54:00,False,True
73463,Osmar Serraglio,PMDB,PMDB,728,2004-01-27 17:24:00,False,True
73464,Oliveira Filho,PSDB,PL+PRONA>PR,1865,2001-02-06 17:42:00,True,False
73465,Rafael Greca,PFL>DEM,PFL>DEM,579,2002-03-19 18:50:00,True,False
73466,Rubens Bueno,PSDB,PSDB,1707,1992-10-21 17:30:00,False,True
73467,Santos Filho,PFL>DEM,PFL>DEM,579,2002-03-19 18:50:00,True,False
73468,Antônio Carlos Konder Reis,PFL>DEM,PFL>DEM,206,2002-03-12 18:08:00,True,False
73471,Fernando Coruja,PCB>PPS,PCB>PPS,1571,2005-02-23 19:14:00,True,False
73472,Gervásio Silva,PFL>DEM,PFL>DEM,206,2002-03-12 18:08:00,True,False
73473,Leodegar Tiscoski,PDS>PP,PDS>PP,1027,2005-08-17 17:22:00,False,True
73475,Renato Vianna,PMDB,PMDB,906,1992-12-02 20:17:00,False,True
73477,Alceu Collares,PDT,PDT,728,2004-01-27 17:24:00,True,False
73478,Beto Albuquerque,PSB,PSB,368,2013-10-08 00:23:00,True,False
73480,Cezar Schirmer,PMDB,PMDB,179,2004-01-28 12:30:00,False,True
73483,Luis Carlos Heinze,PDS>PP,PDS>PP,1161,2005-08-23 18:55:00,False,True
73486,Pompeo de Mattos,PDT,PDT,728,2004-01-27 17:24:00,True,False
73486,Pompeo de Mattos,PDT,PDT,613,2007-04-02 19:17:00,False,True
73487,Roberto Argenta,PFL>DEM,PHS,2032,1999-10-06 17:46:00,True,False
73491,Pedro Bittencourt,PFL>DEM,PFL>DEM,206,2002-03-12 18:08:00,True,False
73495,Manoel Moreira,PMDB,PMDB,1707,1992-10-21 17:30:00,False,True
73495,Manoel Moreira,PMDB,PPR,244,1993-01-12 19:02:00,True,False
73495,Manoel Moreira,PPR,PMDB,857,1993-09-15 12:28:00,False,True
73503,Artur da Tavola,PSDB,PSDB,1707,1992-10-21 17:30:00,False,True
73507,Rose de Freitas,PSDB,PSDB,553,1992-11-04 19:08:00,False,True
73507,Rose de Freitas,PMDB,PMDB,729,2004-01-28 17:15:00,False,True
73530,Hélio Rosas,PMDB,PMDB,1707,1992-10-21 17:30:00,False,True
73531,Ivan Valente,PT,PSOL,775,2005-10-04 18:08:00,True,False
73533,João Mellão Neto,PL+PRONA>PR,PFL>DEM,1084,1995-03-15 17:06:00,False,True
73535,Jorge Tadeu Mudalen,PMDB,PMDB,1707,1992-10-21 17:30:00,False,True
73535,Jorge Tadeu Mudalen,PMDB,PPB,1984,1996-01-17 16:50:00,True,False
73535,Jorge Tadeu Mudalen,PPB,PPB,611,1996-05-07 17:13:00,False,True
73539,José de Abreu,PSDB,PTN,2080,1999-10-19 19:19:00,True,False
73542,José Pinotti,PMDB,PSB,457,1997-10-07 18:28:00,True,False
73544,Koyu Iha,PSDB,PSDB,1707,1992-10-21 17:30:00,False,True
73546,Luiz Carlos Santos,PMDB,PMDB,1707,1992-10-21 17:30:00,False,True
73548,Marcelo Barbieri,PMDB,PMDB,1707,1992-10-21 17:30:00,False,True
73549,Marquinho Chedid,PSDB,PSD,1084,1995-03-15 17:06:00,True,False
73552,Michel Temer,PMDB,PMDB,182,2004-01-28 21:55:00,False,True
73553,Nelson Marquezelli,PTB,PTB,2141,1992-04-29 16:43:00,False,True
73553,Nelson Marquezelli,PTB,PTB,1582,1994-02-02 13:46:00,True,False
73553,Nelson Marquezelli,PTB,PTB,1201,2009-09-30 17:25:00,True,False
73554,De Velasco,PSDB,PSD,1084,1995-03-15 17:06:00,True,False
73555,Paulo Lima,PMDB,PMDB,729,2004-01-28 17:15:00,False,True
73557,Ricardo Izar,PL+PRONA>PR,PL+PRONA>PR,2141,1992-04-29 16:43:00,False,True
73557,Ricardo Izar,PL+PRONA>PR,PL+PRONA>PR,1707,1992-10-21 17:30:00,True,False
73557,Ricardo Izar,PPB,PPB,611,1996-05-07 17:13:00,False,True
73557,Ricardo Izar,PSDB,PTB,2209,2001-10-02 18:06:00,True,False
73558,Robson Tuma,PL+PRONA>PR,PL+PRONA>PR,1574,1992-04-29 21:46:00,False,True
73558,Robson Tuma,PL+PRONA>PR,PL+PRONA>PR,1707,1992-10-21 17:30:00,True,False
73558,Robson Tuma,PSL,PFL>DEM,831,1997-10-14 19:12:00,False,True
73558,Robson Tuma,PFL>DEM,PFL>DEM,206,2002-03-12 18:08:00,True,False
73559,Salvador Zimbaldi,PSDB,PTB,871,2003-08-12 11:59:00,False,True
73559,Salvador Zimbaldi,PDT,PROS,368,2013-10-08 00:23:00,True,False
73562,Tuga Angerami,PSDB,PSDB,1707,1992-10-21 17:30:00,False,True
73563,Ushitaro Kamia,PPB,PPB,611,1996-05-07 17:13:00,False,True
73564,Vadão Gomes,PDS>PP,PDS>PP,1707,1992-10-21 17:30:00,True,False
73564,Vadão Gomes,PPB,PPB,611,1996-05-07 17:13:00,False,True
73564,Vadão Gomes,PDS>PP,PDS>PP,1027,2005-08-17 17:22:00,False,True
73565,Valdemar Costa Neto,PL+PRONA>PR,PL+PRONA>PR,2141,1992-04-29 16:43:00,False,True
73565,Valdemar Costa Neto,PL+PRONA>PR,PL+PRONA>PR,553,1992-11-04 19:08:00,True,False
73571,Osvaldo Sobrinho,PTB,PSDB,1610,2000-02-22 18:12:00,False,True
73571,Osvaldo Sobrinho,PSDB,PTB,206,2002-03-12 18:08:00,True,False
73573,Yvonilton Gonçalves,PFL>DEM,PFL>DEM,359,2002-04-10 19:46:00,True,False
73574,Reginaldo Germano,PFL>DEM,PFL>DEM,579,2002-03-19 18:50:00,True,False
73574,Reginaldo Germano,PDS>PP,PDS>PP,1027,2005-08-17 17:22:00,False,True
73575,Joel De Hollanda,PFL>DEM,PFL>DEM,206,2002-03-12 18:08:00,True,False
73576,Paulo de Almeida,PTB,PTB,1574,1992-04-29 21:46:00,False,True
73576,Paulo de Almeida,PTB,PSD,906,1992-12-02 20:17:00,True,False
73576,Paulo de Almeida,PPB,PST,962,2000-08-01 18:38:00,True,False
73576,Paulo de Almeida,PST,PFL>DEM,1188,2001-10-17 18:20:00,False,True
73579,Alberto Fraga,PMDB,PTB,482,2003-11-12 20:27:00,False,True
73579,Alberto Fraga,PTB,PFL>DEM,759,2005-07-13 18:04:00,True,False
73584,Antonio Carlos Mendes Thame,PSDB,PSDB,906,1992-12-02 20:17:00,False,True
73585,Clovis Volpi,PSDB,PV,1377,2001-10-03 18:12:00,True,False
73586,Júlio Delgado,PCB>PPS,PCB>PPS,1571,2005-02-23 19:14:00,True,False
73586,Júlio Delgado,PCB>PPS,PSB,759,2005-07-13 18:04:00,False,True
73586,Júlio Delgado,PSB,PSB,368,2013-10-08 00:23:00,True,False
73587,José Aleksandro,PFL>DEM,PSL,1613,2000-02-23 17:29:00,True,False
73588,Mauro Benevides,PMDB,PMDB,728,2004-01-27 17:24:00,False,True
73592,Kátia Abreu,PFL>DEM,PFL>DEM,579,2002-03-19 18:50:00,True,False
73594,Nilmar Ruiz,PFL>DEM,PL+PRONA>PR,524,2009-11-10 18:25:00,False,True
73595,Chico Sardelli,PFL>DEM,PFL>DEM,206,2002-03-12 18:08:00,True,False
73596,Saulo Coelho,PSDB,PSDB,1707,1992-10-21 17:30:00,False,True
73598,Wilson Cunha,PTB,PTB,2141,1992-04-29 16:43:00,False,True
73598,Wilson Cunha,PTB,PTB,1582,1994-02-02 13:46:00,True,False
73603,Orlando Fantazzini,PT,PSOL,1163,2005-10-11 16:10:00,True,False
73612,Paulo Rattes,PST,PSB,1519,2003-04-01 19:04:00,False,True
73630,Júlio Cabral,PTR,PTB,2141,1992-04-29 16:43:00,False,True
73630,Júlio Cabral,PDS>PP,PTR,1707,1992-10-21 17:30:00,True,False
73631,Antônio Barbara,PMDB,PMDB,1707,1992-10-21 17:30:00,False,True
73634,Avelino Costa,PL+PRONA>PR,PL+PRONA>PR,2141,1992-04-29 16:43:00,False,True
73634,Avelino Costa,PL+PRONA>PR,PL+PRONA>PR,1707,1992-10-21 17:30:00,True,False
73637,Carlos Kayath,PTB,PTB,2141,1992-04-29 16:43:00,False,True
73637,Carlos Kayath,PTB,PTB,1582,1994-02-02 13:46:00,True,False
73639,Carlos Roberto Massa,PTB,PTB,1574,1992-04-29 21:46:00,False,True
73639,Carlos Roberto Massa,PTB,PTB,537,1994-02-23 12:07:00,True,False
73641,Carlos Azambuja,PDS>PP,PDS>PP,553,1992-11-04 19:08:00,True,False
73643,Wagner Salustiano,PPB,PPB,611,1996-05-07 17:13:00,False,True
73644,Welson Gasparini,PPR,PSDB,2183,1995-09-20 17:01:00,False,True
73646,Antonio Joaquim,PDT,PSDB,706,1997-11-20 12:43:00,False,True
73647,Augustinho Freitas,PTB,PTB,2141,1992-04-29 16:43:00,False,True
73647,Augustinho Freitas,PTB,PDS>PP,244,1993-01-12 19:02:00,True,False
73647,Augustinho Freitas,PPB,PPB,882,1996-08-06 17:42:00,False,True
73650,Rodrigues Palma,PTB,PTB,2141,1992-04-29 16:43:00,False,True
73650,Rodrigues Palma,PTB,PTB,1582,1994-02-02 13:46:00,True,False
73651,Rogério Silva,PPB,PFL>DEM,1984,1996-01-17 16:50:00,False,True
73652,Tete Bezerra,PMDB,PMDB,180,2004-01-28 19:46:00,False,True
73653,Welinton Fagundes,PL+PRONA>PR,PL+PRONA>PR,1577,1992-05-06 18:04:00,False,True
73653,Welinton Fagundes,PL+PRONA>PR,PL+PRONA>PR,906,1992-12-02 20:17:00,True,False
73653,Welinton Fagundes,PL+PRONA>PR,PSDB,1883,1999-08-17 17:26:00,False,True
73653,Welinton Fagundes,PSDB,PL+PRONA>PR,876,2002-06-18 19:12:00,True,False
73656,Benedito Domingos,PPB,PPB,611,1996-05-07 17:13:00,False,True
73658,Jofran Frejat,PPB,PPB,611,1996-05-07 17:13:00,False,True
73660,Osório Adriano,PFL>DEM,PFL>DEM,580,2002-03-19 20:38:00,True,False
73661,Wigberto Tartuce,PPB,PPB,611,1996-05-07 17:13:00,False,True
73663,Barbosa Neto,PMDB,PSB,1351,2003-10-15 17:58:00,False,True
73664,João Natal,PMDB,PMDB,1707,1992-10-21 17:30:00,False,True
73666,Jovair Arantes,PSDB,PTB,871,2003-08-12 11:59:00,False,True
73666,Jovair Arantes,PTB,PTB,1201,2009-09-30 17:25:00,True,False
73668,Marconi Perillo,PPB,PSDB,1727,1995-10-18 17:38:00,False,True
73669,Maria Valadão,PDS>PP,PDS>PP,1707,1992-10-21 17:30:00,True,False
73669,Maria Valadão,PPB,PFL>DEM,1984,1996-01-17 16:50:00,False,True
73671,Pedrinho Abrão,PTR,PTB,118,1993-01-20 20:32:00,False,True
73671,Pedrinho Abrão,PTB,PTB,1361,1994-03-17 13:31:00,True,False
73672,Pedro Canedo,PL+PRONA>PR,PSDB,2043,1999-02-24 17:53:00,False,True
73672,Pedro Canedo,PDS>PP,PDS>PP,1027,2005-08-17 17:22:00,False,True
73674,Roberto Balestra,PPB,PPB,611,1996-05-07 17:13:00,False,True
73674,Roberto Balestra,PDS>PP,PDS>PP,1704,2006-02-08 18:27:00,False,True
73677,Vilmar Rocha,PFL>DEM,PFL>DEM,206,2002-03-12 18:08:00,True,False
73678,Zé Gomes da Rocha,PRN,PRN,553,1992-11-04 19:08:00,True,False
73678,Zé Gomes da Rocha,PSD,PMDB,2043,1999-02-24 17:53:00,False,True
73681,Ariston Andrade,PFL>DEM,PFL>DEM,206,2002-03-12 18:08:00,True,False
73682,João Dado,PMDB,PDT,71,2001-10-23 18:03:00,True,False
73682,João Dado,PDT,PDT,613,2007-04-02 19:17:00,False,True
73682,João Dado,PDT,SD,1301,2013-10-01 18:08:00,True,False
73685,Divaldo Suruagy,PMDB,PST,1768,2001-03-21 18:22:00,True,False
73693,Reinaldo Gripp,PSDB,PL+PRONA>PR,1079,2001-08-07 18:02:00,True,False
73696,Ângela Amin,PDS>PP,PDS>PP,1707,1992-10-21 17:30:00,True,False
73702,Carlos Benevides,PMDB,PMDB,906,1992-12-02 20:17:00,False,True
73703,Daniel Silva,PDS>PP,PDS>PP,1707,1992-10-21 17:30:00,True,False
73703,Daniel Silva,PDS>PP,PFL>DEM,244,1993-01-12 19:02:00,False,True
73703,Daniel Silva,PFL>DEM,PPR,304,1993-03-02 17:39:00,True,False
73703,Daniel Silva,PPR,PFL>DEM,537,1994-02-23 12:07:00,False,True
73704,Derval de Paiva,PMDB,PMDB,553,1992-11-04 19:08:00,False,True
73704,Derval de Paiva,PMDB,PMDB,728,2004-01-27 17:24:00,False,True
73708,Hilário Braun,PMDB,PPR,244,1993-01-12 19:02:00,True,False
73708,Hilário Braun,PPR,PMDB,348,1993-09-28 19:20:00,False,True
73717,Luiz Pontes,PSDB,PSDB,553,1992-11-04 19:08:00,False,True
73718,Sigmaringa Seixas,PSDB,PSDB,1707,1992-10-21 17:30:00,False,True
73719,Marco Penaforte,PSDB,PSDB,1707,1992-10-21 17:30:00,False,True
73721,Clóvis Assis,PDT,PSDB,244,1993-01-12 19:02:00,False,True
73726,Edison Fidelis,PTB,PTB,1574,1992-04-29 21:46:00,False,True
73726,Edison Fidelis,PTB,PDS>PP,118,1993-01-20 20:32:00,True,False
73730,Fábio Meirelles,PDS>PP,PDS>PP,1707,1992-10-21 17:30:00,True,False
73732,Fernando Freire,PPR,PDS>PP,1055,1991-11-06 16:51:00,False,True
73732,Fernando Freire,PDS>PP,PPR,2141,1992-04-29 16:43:00,True,False
73739,Heitor Franco,PDS>PP,PPR,298,1991-10-23 18:41:00,True,False
73740,Hermínio Calvinho,PMDB,PMDB,1707,1992-10-21 17:30:00,False,True
73741,Irani Barbosa,PSD,PL+PRONA>PR,2141,1992-04-29 16:43:00,False,True
73741,Irani Barbosa,PL+PRONA>PR,PSD,838,1992-05-27 18:08:00,True,False
73742,Jabes Ribeiro,PSDB,PSDB,553,1992-11-04 19:08:00,False,True
73744,João Teixeira,PL+PRONA>PR,PL+PRONA>PR,1574,1992-04-29 21:46:00,False,True
73744,João Teixeira,PL+PRONA>PR,PL+PRONA>PR,118,1993-01-20 20:32:00,True,False
73747,Joni Varisco,PMDB,PMDB,554,1992-11-04 20:58:00,False,True
73749,José Belato,PMDB,PMDB,1707,1992-10-21 17:30:00,False,True
73755,Sérgio Machado,PSDB,PSDB,1707,1992-10-21 17:30:00,False,True
73758,Flávio Derzi,PDS>PP,PDS>PP,553,1992-11-04 19:08:00,True,False
73758,Flávio Derzi,PPB,PPB,611,1996-05-07 17:13:00,False,True
73759,Marilu Guimarães,PTB,PFL>DEM,298,1991-10-23 18:41:00,False,True
73761,Nelson Trad,PTB,PTB,2141,1992-04-29 16:43:00,False,True
73761,Nelson Trad,PTB,PTB,820,1994-02-08 13:25:00,True,False
73761,Nelson Trad,PTB,PMDB,825,2003-04-15 19:10:00,True,False
73761,Nelson Trad,PMDB,PMDB,728,2004-01-27 17:24:00,False,True
73762,Oscar Goldoni,PDT,PMDB,2107,1995-08-09 16:37:00,False,True
73764,Abelardo Lupion,PFL>DEM,PFL>DEM,580,2002-03-19 20:38:00,True,False
73767,Basílio Villani,PPR,PDS>PP,298,1991-10-23 18:41:00,False,True
73767,Basílio Villani,PDS>PP,PDS>PP,1707,1992-10-21 17:30:00,True,False
73767,Basílio Villani,PPB,PPB,1323,1996-05-07 18:35:00,False,True
73768,Dilceu Sperafico,PPB,PPB,611,1996-05-07 17:13:00,False,True
73768,Dilceu Sperafico,PDS>PP,PDS>PP,1027,2005-08-17 17:22:00,False,True
73770,Fernando Ribas Carli,PDT,PPB,701,1997-11-04 18:35:00,False,True
73771,Flávio Arns,PSDB,PSDB,553,1992-11-04 19:08:00,False,True
73771,Flávio Arns,PSDB,PT,2210,2001-10-10 18:34:00,True,False
73772,Hermes Parcianello,PMDB,PMDB,729,2004-01-28 17:15:00,False,True
73774,João Iensen,PPB,PTB,1084,1995-03-15 17:06:00,False,True
73775,José Borba,PTB,PMDB,2043,1999-02-24 17:53:00,False,True
73775,José Borba,PMDB,PMDB,182,2004-01-28 21:55:00,False,True
73776,José Janene,PPB,PPB,611,1996-05-07 17:13:00,False,True
73776,José Janene,PDS>PP,PDS>PP,1027,2005-08-17 17:22:00,False,True
73777,Luciano Pizzatto,PFL>DEM,PFL>DEM,206,2002-03-12 18:08:00,True,False
73778,Luiz Carlos Hauly,PDS>PP,PSDB,1772,1995-05-11 12:59:00,False,True
73780,Max Rosenmann,PDT,PMDB,37,1995-12-05 18:33:00,False,True
73780,Max Rosenmann,PMDB,PMDB,728,2004-01-27 17:24:00,False,True
73781,Nelson Meurer,PPB,PPB,611,1996-05-07 17:13:00,False,True
73781,Nelson Meurer,PDS>PP,PDS>PP,1027,2005-08-17 17:22:00,False,True
73782,Odílio Balbinotti,PDT,PTB,1984,1996-01-17 16:50:00,False,True
73782,Odílio Balbinotti,PMDB,PMDB,1672,2004-03-03 17:12:00,False,True
73786,Reinhold Stephanes,PMDB,PSD,1467,2011-10-27 11:24:00,True,False
73787,Renato Johnsson,PDS>PP,PDS>PP,244,1993-01-12 19:02:00,True,False
73787,Renato Johnsson,PPB,PPB,611,1996-05-07 17:13:00,False,True
73788,Ricardo Barros,PPB,PFL>DEM,1084,1995-03-15 17:06:00,False,True
73788,Ricardo Barros,PDS>PP,PDS>PP,46,2005-08-31 18:34:00,False,True
73790,Valdomiro Meger,PPB,PPB,611,1996-05-07 17:13:00,False,True
73792,Werner Wanderer,PFL>DEM,PFL>DEM,206,2002-03-12 18:08:00,True,False
73794,Edison Andrino,PMDB,PMDB,179,2004-01-28 12:30:00,False,True
73795,Hugo Biehl,PDS>PP,PDS>PP,1707,1992-10-21 17:30:00,True,False
73795,Hugo Biehl,PPB,PPB,611,1996-05-07 17:13:00,False,True
73796,Maria Luiza Fontenele,PSB,PSB,1707,1992-10-21 17:30:00,False,True
73796,Maria Luiza Fontenele,PSB,PSTU,118,1993-01-20 20:32:00,True,False
73797,Mauro Miranda,PMDB,PMDB,1707,1992-10-21 17:30:00,False,True
73798,Nelson Jobim,PMDB,PMDB,1707,1992-10-21 17:30:00,False,True
73800,Regina Gordilho,PDT,PL+PRONA>PR,996,1992-05-13 17:51:00,False,True
73800,Regina Gordilho,PL+PRONA>PR,PL+PRONA>PR,1707,1992-10-21 17:30:00,True,False
73803,Ricardo Moraes,PT,PSB,244,1993-01-12 19:02:00,False,True
73803,Ricardo Moraes,PSB,PSB,855,1993-09-14 20:57:00,True,False
73804,Roberto França,PSB,PSB,1707,1992-10-21 17:30:00,False,True
73804,Roberto França,PSB,PSB,855,1993-09-14 20:57:00,True,False
73805,Roberto Freire,PCB>PPS,PCB>PPS,1571,2005-02-23 19:14:00,True,False
73808,Sérgio Brito,PDT,PDT,613,2007-04-02 19:17:00,False,True
73808,Sérgio Brito,PMDB,PSC,1478,2010-03-23 18:31:00,True,False
73809,Uldurico Pinto,PSB,PSB,553,1992-11-04 19:08:00,False,True
73809,Uldurico Pinto,PSB,PSB,855,1993-09-14 20:57:00,True,False
73810,Vitório Malta,PPR,PDS>PP,298,1991-10-23 18:41:00,False,True
73810,Vitório Malta,PDS>PP,PPR,2141,1992-04-29 16:43:00,True,False
73810,Vitório Malta,PPR,PDS>PP,574,1992-06-09 18:06:00,False,True
73810,Vitório Malta,PDS>PP,PDS>PP,1707,1992-10-21 17:30:00,True,False
73812,Walter Nory,PMDB,PMDB,1707,1992-10-21 17:30:00,False,True
73814,Beraldo Boaventura,PDT,PSDB,244,1993-01-12 19:02:00,False,True
73815,Gilvan Borges,PMDB,PMDB,553,1992-11-04 19:08:00,False,True
73816,Paulo Silva,PSDB,PSDB,1707,1992-10-21 17:30:00,False,True
73817,Antonio Cruz,PTB,PDS>PP,268,2005-05-11 18:08:00,True,False
73817,Antonio Cruz,PDS>PP,PDS>PP,1027,2005-08-17 17:22:00,False,True
73819,Hagahus Araújo,PMDB,PMDB,906,1992-12-02 20:17:00,False,True
73819,Hagahus Araújo,PMDB,PPR,244,1993-01-12 19:02:00,True,False
73819,Hagahus Araújo,PPR,PMDB,855,1993-09-14 20:57:00,False,True
73821,Oscar Travassos,PDS>PP,PL+PRONA>PR,1938,1994-01-12 20:34:00,True,False
73823,Adelaide Neri,PMDB,PMDB,1707,1992-10-21 17:30:00,False,True
73824,Euclydes Mello,PRN,PRN,244,1993-01-12 19:02:00,True,False
73825,Carlos Nader,PFL>DEM,PFL>DEM,206,2002-03-12 18:08:00,True,False
73825,Carlos Nader,PFL>DEM,PL+PRONA>PR,1035,2004-08-11 17:19:00,False,True
73827,Edmundo Galdino,PSDB,PSDB,1707,1992-10-21 17:30:00,False,True
73828,Dr. Gomes,PL+PRONA>PR,PFL>DEM,635,2001-12-04 18:02:00,False,True
73830,Ribeiro Tavares,PL+PRONA>PR,PL+PRONA>PR,2141,1992-04-29 16:43:00,False,True
73830,Ribeiro Tavares,PL+PRONA>PR,PL+PRONA>PR,1707,1992-10-21 17:30:00,True,False
73831,José Augusto Curvo,PL+PRONA>PR,PL+PRONA>PR,2141,1992-04-29 16:43:00,False,True
73831,José Augusto Curvo,PL+PRONA>PR,PL+PRONA>PR,553,1992-11-04 19:08:00,True,False
73831,José Augusto Curvo,PL+PRONA>PR,PMDB,118,1993-01-20 20:32:00,False,True
73839,Maurício Calixto,PTB,PFL>DEM,298,1991-10-23 18:41:00,False,True
73843,Oswaldo Stecca,PMDB,PMDB,906,1992-12-02 20:17:00,False,True
73847,Munhoz da Rocha,PSDB,PSDB,1707,1992-10-21 17:30:00,False,True
73850,Pedro Pavão,PDS>PP,PDS>PP,1707,1992-10-21 17:30:00,True,False
73862,Wanda Reis,PMDB,PMDB,1707,1992-10-21 17:30:00,False,True
73862,Wanda Reis,PMDB,PSD,1802,1993-04-01 12:37:00,True,False
73862,Wanda Reis,PSD,PMDB,536,1994-02-22 14:06:00,False,True
73864,Wilson Moreira,PSDB,PSDB,906,1992-12-02 20:17:00,False,True
73866,Camilo Machado,PTB,PTB,2141,1992-04-29 16:43:00,False,True
73866,Camilo Machado,PTB,PTB,1582,1994-02-02 13:46:00,True,False
73869,Laerte Bastos,PDT,PSDB,244,1993-01-12 19:02:00,False,True
73870,Paulo Romano,PSC,PFL>DEM,1889,1992-03-11 18:35:00,False,True
73870,Paulo Romano,PFL>DEM,PSC,244,1993-01-12 19:02:00,True,False
73872,Tourinho Dantas,PMDB,PFL>DEM,446,1992-03-25 17:51:00,False,True
73873,João Matos,PMDB,PMDB,728,2004-01-27 17:24:00,False,True
73874,João Pizzolatti,PPB,PPB,611,1996-05-07 17:13:00,False,True
73874,João Pizzolatti,PDS>PP,PDS>PP,1027,2005-08-17 17:22:00,False,True
73875,José Carlos Vieira,PFL>DEM,PL+PRONA>PR,1696,2009-10-14 18:01:00,False,True
73875,José Carlos Vieira,PL+PRONA>PR,PSD,1918,2014-04-22 18:23:00,True,False
73878,Luiz Henrique,PMDB,PMDB,906,1992-12-02 20:17:00,False,True
73879,Mário Cavallazzi,PPB,PPB,611,1996-05-07 17:13:00,False,True
73881,Neuto de Conto,PMDB,PMDB,1707,1992-10-21 17:30:00,False,True
73882,Paulo Bauer,PPB,PFL>DEM,2509,1996-03-06 16:54:00,False,True
73884,Paulo Gouvêa,PFL>DEM,PFL>DEM,579,2002-03-19 18:50:00,True,False
73887,Adylson Motta,PDS>PP,PDS>PP,1707,1992-10-21 17:30:00,True,False
73887,Adylson Motta,PPB,PPB,611,1996-05-07 17:13:00,False,True
73889,Augusto Nardes,PPB,PPB,611,1996-05-07 17:13:00,False,True
73889,Augusto Nardes,PDS>PP,PDS>PP,1161,2005-08-23 18:55:00,False,True
73891,Darcísio Perondi,PMDB,PMDB,728,2004-01-27 17:24:00,False,True
73892,Eliseu Padilha,PMDB,PMDB,728,2004-01-27 17:24:00,False,True
73893,Enio Bacci,PDT,PDT,728,2004-01-27 17:24:00,True,False
73895,Ezidio Pinheiro,PSDB,PSB,1866,2001-02-20 17:56:00,True,False
73896,Fetter Júnior,PDS>PP,PDS>PP,1707,1992-10-21 17:30:00,True,False
73896,Fetter Júnior,PPB,PPB,611,1996-05-07 17:13:00,False,True
73897,Germano Rigotto,PMDB,PMDB,1707,1992-10-21 17:30:00,False,True
73899,Jair Soares,PPB,PFL>DEM,1084,1995-03-15 17:06:00,False,True
73900,Jarbas Lima,PPB,PPB,611,1996-05-07 17:13:00,False,True
73900,Jarbas Lima,PPB,PDT,666,1997-04-01 17:42:00,True,False
73904,Mendes Ribeiro Filho,PMDB,PMDB,179,2004-01-28 12:30:00,False,True
73906,Nelson Marchezan,PPB,PSDB,533,1996-04-10 19:11:00,False,True
73907,Nelson Proença,PMDB,PMDB,553,1992-11-04 19:08:00,False,True
73907,Nelson Proença,PMDB,PCB>PPS,1188,2001-10-17 18:20:00,True,False
73907,Nelson Proença,PCB>PPS,PCB>PPS,1571,2005-02-23 19:14:00,True,False
73908,Odacir Klein,PMDB,PMDB,1707,1992-10-21 17:30:00,False,True
73909,Osvaldo Biolchi,PTB,PMDB,2043,1999-02-24 17:53:00,False,True
73909,Osvaldo Biolchi,PMDB,PMDB,179,2004-01-28 12:30:00,False,True
73920,Dr. Rodolfo Pereira,PDT,PDT,728,2004-01-27 17:24:00,True,False
73922,Suely Campos,PDS>PP,PDS>PP,1162,2005-08-24 17:57:00,False,True
73924,Davi Alcolumbre,PDT,PDT,181,2004-01-28 20:40:00,True,False
73926,Janete Capiberibe,PSB,PSB,368,2013-10-08 00:23:00,True,False
73928,Ann Pontes,PMDB,PMDB,728,2004-01-27 17:24:00,False,True
73929,Jader Barbalho,PMDB,PMDB,180,2004-01-28 19:46:00,False,True
73930,Wladimir Costa,PMDB,PMDB,179,2004-01-28 12:30:00,False,True
73930,Wladimir Costa,PMDB,SD,364,2013-10-08 17:57:00,True,False
73932,Zé Lima,PDS>PP,PDS>PP,1161,2005-08-23 18:55:00,False,True
73933,Zequinha Marinho,PTB,PSC,1102,2003-09-10 13:37:00,True,False
73933,Zequinha Marinho,PSC,PMDB,1571,2005-02-23 19:14:00,False,True
73933,Zequinha Marinho,PMDB,PSC,726,2005-04-19 20:10:00,True,False
73933,Zequinha Marinho,PMDB,PSC,307,2009-09-01 17:17:00,True,False
73934,Carlos Souza,PL+PRONA>PR,PDS>PP,809,2004-05-19 17:04:00,True,False
73934,Carlos Souza,PDS>PP,PDS>PP,1027,2005-08-17 17:22:00,False,True
73934,Carlos Souza,PDS>PP,PSD,1747,2011-11-08 00:37:00,True,False
73940,Henrique Afonso,PT,PV,522,2009-10-06 20:36:00,True,False
73941,João Correia,PMDB,PMDB,181,2004-01-28 20:40:00,False,True
73953,Helvécio Castello,PT,PSDB,1938,1994-01-12 20:34:00,False,True
73953,Helvécio Castello,PSDB,PT,1582,1994-02-02 13:46:00,True,False
73955,Chafic Farhat,PFL>DEM,PPR,304,1993-03-02 17:39:00,True,False
73979,Alceste Almeida,PTB,PTB,1575,1992-04-29 22:26:00,False,True
73979,Alceste Almeida,PTB,PTB,1582,1994-02-02 13:46:00,True,False
73979,Alceste Almeida,PMDB,PPB,1711,1995-11-28 17:07:00,True,False
73979,Alceste Almeida,PPB,PPB,611,1996-05-07 17:13:00,False,True
73979,Alceste Almeida,PMDB,PL+PRONA>PR,1188,2001-10-17 18:20:00,True,False
73979,Alceste Almeida,PCB>PPS,PMDB,1519,2003-04-01 19:04:00,True,False
73979,Alceste Almeida,PMDB,PMDB,179,2004-01-28 12:30:00,False,True
73980,Elton Rohnelt,PSC,PFL>DEM,1062,1997-01-28 20:59:00,False,True
73981,Francisco Rodrigues,PTB,PTB,2141,1992-04-29 16:43:00,False,True
73981,Francisco Rodrigues,PTB,PTB,1395,1994-03-09 13:05:00,True,False
73981,Francisco Rodrigues,PTB,PSD,1959,1995-02-16 16:49:00,True,False
73981,Francisco Rodrigues,PPB,PPB,611,1996-05-07 17:13:00,False,True
73981,Francisco Rodrigues,PTB,PFL>DEM,2043,1999-02-24 17:53:00,False,True
73981,Francisco Rodrigues,PFL>DEM,PFL>DEM,206,2002-03-12 18:08:00,True,False
73982,Luciano Castro,PPB,PSDB,958,1996-01-17 18:07:00,False,True
73982,Luciano Castro,PFL>DEM,PFL>DEM,579,2002-03-19 18:50:00,True,False
73982,Luciano Castro,PFL>DEM,PL+PRONA>PR,1537,2003-05-15 12:57:00,False,True
73983,Luis Barbosa,PPB,PTB,1084,1995-03-15 17:06:00,False,True
73983,Luis Barbosa,PFL>DEM,PFL>DEM,205,2002-03-06 18:14:00,True,False
73984,Moises Lipnik,PL+PRONA>PR,PTB,1084,1995-03-15 17:06:00,False,True
73984,Moises Lipnik,PTB,PL+PRONA>PR,457,1997-10-07 18:28:00,True,False
73985,Robério Araújo,PSDB,PPB,37,1995-12-05 18:33:00,True,False
73985,Robério Araújo,PPB,PPB,611,1996-05-07 17:13:00,False,True
73985,Robério Araújo,PPB,PL+PRONA>PR,1885,1999-08-17 18:49:00,True,False
73986,Salomão Cruz,PFL>DEM,PFL>DEM,205,2002-03-06 18:14:00,True,False
73987,Antonio Feijão,PSDB,PST,1609,2000-02-10 12:18:00,True,False
73987,Antonio Feijão,PST,PSDB,580,2002-03-19 20:38:00,False,True
73989,Telmo Kirst,PDS>PP,PDS>PP,553,1992-11-04 19:08:00,True,False
73989,Telmo Kirst,PPB,PPB,1062,1997-01-28 20:59:00,False,True
73994,Júlio Redecker,PPB,PPB,897,1996-05-14 17:49:00,False,True
73996,Adroaldo Streck,PSDB,PSDB,1707,1992-10-21 17:30:00,False,True
73997,Francisco Horta,PL+PRONA>PR,PFL>DEM,357,1997-03-11 17:11:00,False,True
74000,Chico da Princesa,PDT,PTB,328,1995-06-06 18:28:00,False,True
74000,Chico da Princesa,PTB,PSDB,1561,1999-05-12 19:23:00,False,True
74001,Jaime Fernandes,PFL>DEM,PFL>DEM,206,2002-03-12 18:08:00,True,False
74002,Luis Roberto Ponte,PMDB,PMDB,1707,1992-10-21 17:30:00,False,True
74004,Carlos da Carbras,PFL>DEM,PPB,1984,1996-01-17 16:50:00,True,False
74004,Carlos da Carbras,PPB,PPB,2521,1996-05-28 17:28:00,False,True
74005,Olavo Calheiros,PMDB,PMDB,1707,1992-10-21 17:30:00,False,True
74005,Olavo Calheiros,PMDB,PMDB,179,2004-01-28 12:30:00,False,True
74008,Ivo Mainardi,PMDB,PMDB,553,1992-11-04 19:08:00,False,True
74011,Dejandir Dalpasquale,PMDB,PMDB,553,1992-11-04 19:08:00,False,True
74013,Nan Souza,PDS>PP,PST,2410,1991-10-08 18:11:00,True,False
74013,Nan Souza,PSL,PFL>DEM,706,1997-11-20 12:43:00,False,True
74014,Alcione Athayde,PPB,PPB,611,1996-05-07 17:13:00,False,True
74014,Alcione Athayde,PPB,PSB,2187,2001-05-22 17:40:00,True,False
74015,Melquíades Neto,PPR,PFL>DEM,832,1997-10-15 19:14:00,False,True
74016,Costa Ferreira,PDS>PP,PTR,2410,1991-10-08 18:11:00,True,False
74016,Costa Ferreira,PPB,PFL>DEM,1966,1995-11-07 17:26:00,False,True
74016,Costa Ferreira,PFL>DEM,PFL>DEM,580,2002-03-19 20:38:00,True,False
74019,Virmondes Cruvinel,PMDB,PMDB,553,1992-11-04 19:08:00,False,True
74022,Agnaldo Timóteo,PPB,PPB,1324,1996-05-08 18:19:00,False,True
74023,Ricardo Rique,PSDB,PL+PRONA>PR,496,2003-08-05 00:23:00,False,True
74024,Ayrton Xerez,PSDB,PCB>PPS,2032,1999-10-06 17:46:00,True,False
74031,João Alfredo,PT,PSOL,775,2005-10-04 18:08:00,True,False
74032,Pastor Pedro Ribeiro,PTB,PMDB,510,2003-08-26 17:58:00,True,False
74032,Pastor Pedro Ribeiro,PMDB,PMDB,728,2004-01-27 17:24:00,False,True
74034,Moraes Souza,PMDB,PMDB,728,2004-01-27 17:24:00,False,True
74035,Promotor Afonso Gil,PDT,PDT,728,2004-01-27 17:24:00,True,False
74036,Álvaro Dias,PDT,PDT,728,2004-01-27 17:24:00,True,False
74038,Nélio Dias,PDS>PP,PDS>PP,1027,2005-08-17 17:22:00,False,True
74039,Sandra Rosado,PMDB,PMDB,729,2004-01-28 17:15:00,False,True
74039,Sandra Rosado,PSB,PSB,368,2013-10-08 00:23:00,True,False
74040,Benjamin Maranhão,PMDB,PMDB,728,2004-01-27 17:24:00,False,True
74040,Benjamin Maranhão,PMDB,SD,992,2013-10-01 19:02:00,True,False
74044,Wilson Santiago,PMDB,PMDB,179,2004-01-28 12:30:00,False,True
74048,Raul Jungmann,PMDB,PCB>PPS,509,2003-08-13 22:58:00,False,True
74048,Raul Jungmann,PCB>PPS,PCB>PPS,1571,2005-02-23 19:14:00,True,False
74050,Maurício Quintella Lessa,PSB,PDT,1163,2005-10-11 16:10:00,True,False
74051,Rogério Teófilo,PFL>DEM,PCB>PPS,1127,2003-09-24 21:25:00,False,True
74051,Rogério Teófilo,PCB>PPS,PCB>PPS,1571,2005-02-23 19:14:00,True,False
74053,Heleno Silva,PMR>PRB,PMR>PRB,1087,2012-03-06 20:06:00,False,True
74054,João Fontes,PT,PDT,1571,2005-02-23 19:14:00,True,False
74059,Luiz Bassuma,PT,PV,53,2009-10-21 17:24:00,True,False
74064,Eraldo Trindade,PPB,PPB,611,1996-05-07 17:13:00,False,True
74064,Eraldo Trindade,PPB,PDT,821,1997-03-12 17:58:00,True,False
74066,Gervásio Oliveira,PDT,PMDB,2372,2005-03-02 18:45:00,False,True
74069,Sérgio Barcellos,PFL>DEM,PFL>DEM,206,2002-03-12 18:08:00,True,False
74070,Valdenor Guedes,PPB,PPB,611,1996-05-07 17:13:00,False,True
74072,Anivaldo Vale,PPB,PPB,611,1996-05-07 17:13:00,False,True
74074,Benedito Guimarães,PPB,PPB,611,1996-05-07 17:13:00,False,True
74076,Gerson Peres,PDS>PP,PDS>PP,1707,1992-10-21 17:30:00,True,False
74076,Gerson Peres,PPB,PPB,611,1996-05-07 17:13:00,False,True
74077,Giovanni Queiroz,PDT,PDT,764,2007-04-03 16:18:00,False,True
74078,Hilário Coimbra,PTR,PTB,290,1992-08-12 17:34:00,False,True
74078,Hilário Coimbra,PTB,PTB,1582,1994-02-02 13:46:00,True,False
74079,José Priante,PMDB,PMDB,729,2004-01-28 17:15:00,False,True
74080,Nicias Ribeiro,PMDB,PMDB,1707,1992-10-21 17:30:00,False,True
74083,Paulo Titan,PMDB,PMDB,1803,1992-12-08 17:51:00,False,True
74084,Raimundo Santos,PPB,PFL>DEM,1727,1995-10-18 17:38:00,False,True
74084,Raimundo Santos,PFL>DEM,PL+PRONA>PR,1377,2001-10-03 18:12:00,True,False
74087,Vic Pires Franco,PFL>DEM,PFL>DEM,206,2002-03-12 18:08:00,True,False
74088,Alzira Éwerton,PPB,PPB,611,1996-05-07 17:13:00,False,True
74090,Átila Lins,PFL>DEM,PFL>DEM,206,2002-03-12 18:08:00,True,False
74090,Átila Lins,PCB>PPS,PCB>PPS,2372,2005-03-02 18:45:00,True,False
74090,Átila Lins,PCB>PPS,PMDB,775,2005-10-04 18:08:00,False,True
74090,Átila Lins,PMDB,PSD,2054,2011-10-26 21:16:00,True,False
74091,Euler Ribeiro,PMDB,PMDB,553,1992-11-04 19:08:00,False,True
74091,Euler Ribeiro,PFL>DEM,PFL>DEM,579,2002-03-19 18:50:00,True,False
74093,José Melo,PFL>DEM,PFL>DEM,2237,2002-04-16 17:20:00,True,False
74095,Pauderney Avelino,PPB,PPB,611,1996-05-07 17:13:00,False,True
74095,Pauderney Avelino,PFL>DEM,PFL>DEM,206,2002-03-12 18:08:00,True,False
74096,Carlos Camurca,PPB,PPB,611,1996-05-07 17:13:00,False,True
74097,Confúcio Moura,PMDB,PMDB,179,2004-01-28 12:30:00,False,True
74100,Expedito Júnior,PPB,PPB,611,1996-05-07 17:13:00,False,True
74100,Expedito Júnior,PPB,PL+PRONA>PR,549,1997-01-08 17:35:00,True,False
74100,Expedito Júnior,PL+PRONA>PR,PFL>DEM,718,1997-07-03 12:27:00,False,True
74102,Pedro Valadares,PDS>PP,PST,2410,1991-10-08 18:11:00,True,False
74103,Ariosto Holanda,PSB,PSB,553,1992-11-04 19:08:00,False,True
74103,Ariosto Holanda,PSDB,PSB,759,2005-07-13 18:04:00,False,True
74103,Ariosto Holanda,PSB,PROS,368,2013-10-08 00:23:00,True,False
74104,Waldir Dias,PPB,PPB,2480,1998-04-29 17:52:00,False,True
74106,Edson Silva,PDT,PSDB,2508,1996-03-05 17:06:00,False,True
74106,Edson Silva,PSB,PROS,1723,2014-02-04 21:30:00,True,False
74109,Oscar Andrade,PSB,PMDB,2509,1996-03-06 16:54:00,False,True
74109,Oscar Andrade,PFL>DEM,PL+PRONA>PR,2187,2001-05-22 17:40:00,True,False
74111,Pedro Henry,PDT,PSDB,533,1996-04-10 19:11:00,False,True
74111,Pedro Henry,PDS>PP,PDS>PP,1027,2005-08-17 17:22:00,False,True
74112,Murilo Domingos,PTB,PT,2335,1997-03-18 17:12:00,True,False
74113,Ary Valadão,PPB,PPB,611,1996-05-07 17:13:00,False,True
74114,Mário Martins,PMDB,PMDB,553,1992-11-04 19:08:00,False,True
74117,Osmar Leitão,PPB,PDT,1061,1997-02-25 19:13:00,True,False
74120,João Magalhães,PTB,PMDB,1351,2003-10-15 17:58:00,True,False
74120,João Magalhães,PMDB,PMDB,728,2004-01-27 17:24:00,False,True
74125,José Lourenço,PDS>PP,PPR,2225,1993-02-02 12:55:00,True,False
74125,José Lourenço,PPR,PPB,882,1996-08-06 17:42:00,False,True
74126,Elisio Curvo,PTB,PTB,2141,1992-04-29 16:43:00,False,True
74126,Elisio Curvo,PTB,PTB,1582,1994-02-02 13:46:00,True,False
74128,João Faustino,PSDB,PSDB,1707,1992-10-21 17:30:00,False,True
74129,Moisés Bennesby,PL+PRONA>PR,PSDB,2334,1997-03-12 20:46:00,False,True
74131,João Carlos Bacelar,PSC,PFL>DEM,1062,1997-01-28 20:59:00,False,True
74131,João Carlos Bacelar,PFL>DEM,PFL>DEM,579,2002-03-19 18:50:00,True,False
74131,João Carlos Bacelar,PFL>DEM,PL+PRONA>PR,1021,2005-06-22 18:58:00,False,True
74132,Wagner do Nascimento,PTB,PDS>PP,760,1991-08-28 20:10:00,False,True
74132,Wagner do Nascimento,PDS>PP,PDS>PP,1707,1992-10-21 17:30:00,True,False
74132,Wagner do Nascimento,PDS>PP,PPB,1063,1997-01-29 13:38:00,False,True
74138,Etevalda Grassi de Menezes,PMDB,PMDB,1707,1992-10-21 17:30:00,False,True
74138,Etevalda Grassi de Menezes,PTB,PTB,1582,1994-02-02 13:46:00,True,False
74140,José Carlos Araújo,PFL>DEM,PL+PRONA>PR,1678,2005-06-01 16:35:00,False,True
74140,José Carlos Araújo,PDT,PSD,1747,2011-11-08 00:37:00,True,False
74143,Marcelo Guimarães Filho,PFL>DEM,PL+PRONA>PR,1678,2005-06-01 16:35:00,False,True
74143,Marcelo Guimarães Filho,PL+PRONA>PR,PFL>DEM,787,2005-10-05 17:26:00,True,False
74148,Carlos Willian,PSB,PSC,1112,2003-09-16 19:45:00,True,False
74148,Carlos Willian,PSC,PMDB,2372,2005-03-02 18:45:00,False,True
74148,Carlos Willian,PMDB,PJ>PTC,1271,2006-01-24 20:28:00,True,False
74150,Dr. Francisco Gonçalves,PTB,PCB>PPS,1919,2005-11-29 19:22:00,True,False
74151,Geraldo Thadeu,PCB>PPS,PCB>PPS,1571,2005-02-23 19:14:00,True,False
74152,Isaias Silvestre,PSB,PSB,368,2013-10-08 00:23:00,True,False
74157,Marcello Siqueira,PMDB,PMDB,179,2004-01-28 12:30:00,False,True
74158,Mário Heringer,PDT,PDT,728,2004-01-27 17:24:00,True,False
74158,Mário Heringer,PDT,PDT,613,2007-04-02 19:17:00,False,True
74163,Manato,PDT,PDT,728,2004-01-27 17:24:00,True,False
74163,Manato,PDT,PDT,613,2007-04-02 19:17:00,False,True
74163,Manato,PDT,SD,368,2013-10-08 00:23:00,True,False
74164,Marcelino Fraga,PMDB,PMDB,728,2004-01-27 17:24:00,False,True
74167,Almir Moura,PMDB,PFL>DEM,195,2005-10-19 18:55:00,True,False
74168,André Luiz,PMDB,PMDB,728,2004-01-27 17:24:00,False,True
74169,Bernardo Ariston,PSB,PMDB,512,2003-08-27 14:17:00,True,False
74169,Bernardo Ariston,PMDB,PMDB,728,2004-01-27 17:24:00,False,True
74170,João Mendes de Jesus,PDT,PSL,496,2003-08-05 00:23:00,True,False
74170,João Mendes de Jesus,PSL,PSB,775,2005-10-04 18:08:00,False,True
74171,Chico Alencar,PT,PSOL,2129,2005-10-31 18:27:00,True,False
74172,Deley,PV,PMDB,1571,2005-02-23 19:14:00,False,True
74172,Deley,PMDB,PSC,2339,2005-10-05 18:59:00,True,False
74173,Eduardo Cunha,PMDB,PMDB,728,2004-01-27 17:24:00,False,True
74175,José Divino,PMDB,PMDB,728,2004-01-27 17:24:00,False,True
74175,José Divino,PMDB,PMR>PRB,195,2005-10-19 18:55:00,True,False
74176,Josias Quintal,PSB,PMDB,1098,2003-09-02 18:14:00,True,False
74176,Josias Quintal,PMDB,PMDB,728,2004-01-27 17:24:00,False,True
74177,Marinha Raupp,PMDB,PMDB,179,2004-01-28 12:30:00,False,True
74178,Silvernani Santos,PPB,PPB,611,1996-05-07 17:13:00,False,True
74179,Carlos Airton,PPB,PPB,1323,1996-05-07 18:35:00,False,True
74180,Célia Mendes,PDS>PP,PDS>PP,1707,1992-10-21 17:30:00,True,False
74180,Célia Mendes,PPB,PFL>DEM,1711,1995-11-28 17:07:00,False,True
74183,Mauri Sérgio,PMDB,PMDB,906,1992-12-02 20:17:00,False,True
74184,Ronivon Santiago,PSD,PFL>DEM,1984,1996-01-17 16:50:00,False,True
74184,Ronivon Santiago,PDS>PP,PDS>PP,1027,2005-08-17 17:22:00,False,True
74185,Zila Bezerra,PMDB,PMDB,553,1992-11-04 19:08:00,False,True
74185,Zila Bezerra,PFL>DEM,PTB,2170,2001-03-13 18:26:00,True,False
74186,Antônio Jorge,PPB,PPB,1518,1996-06-04 18:03:00,False,True
74186,Antônio Jorge,PFL>DEM,PTB,2032,1999-10-06 17:46:00,True,False
74187,Darci Coelho,PFL>DEM,PPB,1711,1995-11-28 17:07:00,True,False
74187,Darci Coelho,PPB,PPB,611,1996-05-07 17:13:00,False,True
74187,Darci Coelho,PFL>DEM,PFL>DEM,358,2002-04-10 16:32:00,True,False
74187,Darci Coelho,PDS>PP,PDS>PP,1027,2005-08-17 17:22:00,False,True
74188,Dolores Nunes,PDS>PP,PSDB,161,1995-09-27 17:23:00,False,True
74188,Dolores Nunes,PSDB,PPB,1711,1995-11-28 17:07:00,True,False
74188,Dolores Nunes,PPB,PPB,611,1996-05-07 17:13:00,False,True
74189,Freire Júnior,PMDB,PMDB,1707,1992-10-21 17:30:00,False,True
74190,João Ribeiro,PFL>DEM,PPB,1711,1995-11-28 17:07:00,True,False
74190,João Ribeiro,PPB,PPB,611,1996-05-07 17:13:00,False,True
74190,João Ribeiro,PFL>DEM,PFL>DEM,358,2002-04-10 16:32:00,True,False
74191,Osvaldo Reis,PPB,PPB,1806,1996-08-06 18:47:00,False,True
74191,Osvaldo Reis,PMDB,PMDB,2112,2004-04-06 18:25:00,False,True
74192,Paulo Mourão,PDC,PDS>PP,2410,1991-10-08 18:11:00,False,True
74192,Paulo Mourão,PDS>PP,PDS>PP,1707,1992-10-21 17:30:00,True,False
74192,Paulo Mourão,PPR,PSDB,162,1995-09-27 17:59:00,False,True
74193,Udson Bandeira,PPR,PMDB,1084,1995-03-15 17:06:00,False,True
74194,Antonio Joaquim Araujo,PSC,PFL>DEM,1084,1995-03-15 17:06:00,False,True
74194,Antonio Joaquim Araujo,PFL>DEM,PL+PRONA>PR,1227,1997-06-18 18:50:00,True,False
74194,Antonio Joaquim Araujo,PL+PRONA>PR,PPB,2043,1999-02-24 17:53:00,False,True
74194,Antonio Joaquim Araujo,PDS>PP,PTB,1571,2005-02-23 19:14:00,False,True
74194,Antonio Joaquim Araujo,PTB,PSDB,195,2005-10-19 18:55:00,True,False
74195,Cesar Bandeira,PFL>DEM,PFL>DEM,206,2002-03-12 18:08:00,True,False
74196,Davi Alves Silva,PPB,PFL>DEM,1084,1995-03-15 17:06:00,False,True
74196,Davi Alves Silva,PFL>DEM,PMN,45,1995-05-23 17:36:00,True,False
74196,Davi Alves Silva,PMN,PPB,611,1996-05-07 17:13:00,False,True
74197,Domingos Dutra,PT,SD,368,2013-10-08 00:23:00,True,False
74198,Eliseu Moura,PL+PRONA>PR,PFL>DEM,1084,1995-03-15 17:06:00,False,True
74198,Eliseu Moura,PFL>DEM,PL+PRONA>PR,715,1997-07-02 17:46:00,True,False
74198,Eliseu Moura,PL+PRONA>PR,PPB,2043,1999-02-24 17:53:00,False,True
74199,Francisco Coelho,PDC,PFL>DEM,244,1993-01-12 19:02:00,False,True
74199,Francisco Coelho,PFL>DEM,PFL>DEM,579,2002-03-19 18:50:00,True,False
74200,Gastão Vieira,PMDB,PMDB,728,2004-01-27 17:24:00,False,True
74201,Jayme Santana,PSDB,PSDB,1707,1992-10-21 17:30:00,False,True
74203,José Carlos Sabóia,PSB,PSB,1707,1992-10-21 17:30:00,False,True
74203,José Carlos Sabóia,PSB,PSB,2202,1994-04-20 13:08:00,True,False
74204,Magno Bacelar,PDT,PFL>DEM,2508,1996-03-05 17:06:00,False,True
74205,Márcia Marinho,PSC,PSDB,1772,1995-05-11 12:59:00,False,True
74206,Mauro Fecury,PFL>DEM,PFL>DEM,579,2002-03-19 18:50:00,True,False
74207,Pedro Novais,PDC,PMDB,244,1993-01-12 19:02:00,False,True
74207,Pedro Novais,PMDB,PSD,1938,1994-01-12 20:34:00,True,False
74207,Pedro Novais,PSD,PMDB,537,1994-02-23 12:07:00,False,True
74207,Pedro Novais,PMDB,PMDB,179,2004-01-28 12:30:00,False,True
74208,Remi Trinta,PMDB,PL+PRONA>PR,715,1997-07-02 17:46:00,True,False
74212,Aníbal Gomes,PMDB,PMDB,728,2004-01-27 17:24:00,False,True
74213,Antonio Balhmann,PSDB,PCB>PPS,703,1997-11-19 20:14:00,True,False
74213,Antonio Balhmann,PSB,PROS,365,2013-10-08 19:52:00,True,False
74217,Arlindo Vargas,PTB,PT,2336,1997-03-18 19:26:00,True,False
74219,Neif Jabur,PMDB,PMDB,1707,1992-10-21 17:30:00,False,True
74221,Ronaldo Santos,PSB,PSDB,2334,1997-03-12 20:46:00,False,True
74222,Asdrúbal Bentes,PMDB,PMDB,728,2004-01-27 17:24:00,False,True
74223,Flávio Palmier da Veiga,PSDB,PSDB,553,1992-11-04 19:08:00,False,True
74224,Carlos Alberto Campista,PDT,PFL>DEM,1062,1997-01-28 20:59:00,False,True
74225,Neiva Moreira,PDT,PDT,728,2004-01-27 17:24:00,True,False
74230,Colbert Martins,PMDB,PCB>PPS,831,1997-10-14 19:12:00,True,False
74230,Colbert Martins,PCB>PPS,PCB>PPS,1571,2005-02-23 19:14:00,True,False
74235,Marcus Vicente,PPB,PTB,1382,2003-03-12 17:16:00,False,True
74238,Moacir Micheletto,PMDB,PMDB,728,2004-01-27 17:24:00,False,True
74240,João Tota,PDS>PP,PDS>PP,1707,1992-10-21 17:30:00,True,False
74240,João Tota,PPR,PPB,691,1997-06-03 17:30:00,False,True
74240,João Tota,PDS>PP,PL+PRONA>PR,1350,2003-10-08 18:21:00,False,True
74240,João Tota,PL+PRONA>PR,PDS>PP,1678,2005-06-01 16:35:00,True,False
74240,João Tota,PDS>PP,PDS>PP,1161,2005-08-23 18:55:00,False,True
74244,Aecio de Borba,PDS>PP,PDS>PP,1707,1992-10-21 17:30:00,True,False
74244,Aecio de Borba,PPR,PPB,1339,1997-07-16 17:54:00,False,True
74247,Álvaro Ribeiro,PSB,PSB,553,1992-11-04 19:08:00,False,True
74247,Álvaro Ribeiro,PSB,PSB,855,1993-09-14 20:57:00,True,False
74250,Jose Costa,PMDB,PSD,2463,1998-03-18 18:11:00,True,False
74252,Juíza Denise Frossard,PSDB,PCB>PPS,1356,2004-12-14 18:40:00,False,True
74252,Juíza Denise Frossard,PCB>PPS,PCB>PPS,2372,2005-03-02 18:45:00,True,False
74253,Julio Lopes,PDS>PP,PDS>PP,1027,2005-08-17 17:22:00,False,True
74254,Leonardo Picciani,PMDB,PMDB,728,2004-01-27 17:24:00,False,True
74255,Maria Lucia,PMDB,PMDB,728,2004-01-27 17:24:00,False,True
74258,Sandro Matos,PSB,PMDB,513,2003-08-27 16:39:00,True,False
74258,Sandro Matos,PMDB,PTB,1351,2003-10-15 17:58:00,False,True
74259,Vieira Reis,PMDB,PMDB,728,2004-01-27 17:24:00,False,True
74259,Vieira Reis,PMDB,PMR>PRB,194,2005-10-19 16:40:00,True,False
74261,João Batista,PFL>DEM,PDS>PP,775,2005-10-04 18:08:00,False,True
74263,Cláudio Magrão,PCB>PPS,PCB>PPS,1571,2005-02-23 19:14:00,True,False
74265,Dimas Ramalho,PCB>PPS,PCB>PPS,1571,2005-02-23 19:14:00,True,False
74270,Gilberto Nascimento,PSB,PMDB,511,2003-08-27 11:38:00,True,False
74270,Gilberto Nascimento,PMDB,PMDB,728,2004-01-27 17:24:00,False,True
74271,Ildeu Araujo,PL+PRONA>PR,PDS>PP,802,2003-12-17 12:31:00,True,False
74271,Ildeu Araujo,PDS>PP,PDS>PP,1161,2005-08-23 18:55:00,False,True
74273,Jefferson Campos,PSB,PMDB,1098,2003-09-02 18:14:00,True,False
74273,Jefferson Campos,PMDB,PMDB,728,2004-01-27 17:24:00,False,True
74273,Jefferson Campos,PTB,PTB,740,2009-10-07 19:09:00,True,False
74273,Jefferson Campos,PTB,PSB,1696,2009-10-14 18:01:00,False,True
74273,Jefferson Campos,PSB,PSD,1747,2011-11-08 00:37:00,True,False
74279,Marcos Abramo,PFL>DEM,PDS>PP,1163,2005-10-11 16:10:00,False,True
74280,Professor Irapuan Teixeira,PL+PRONA>PR,PDS>PP,802,2003-12-17 12:31:00,True,False
74280,Professor Irapuan Teixeira,PDS>PP,PDS>PP,46,2005-08-31 18:34:00,False,True
74282,Vanderlei Assis,PL+PRONA>PR,PDS>PP,875,2004-01-21 17:25:00,True,False
74282,Vanderlei Assis,PDS>PP,PDS>PP,1162,2005-08-24 17:57:00,False,True
74288,Maninha,PT,PSOL,775,2005-10-04 18:08:00,True,False
74289,Tatico,PTB,PTB,1201,2009-09-30 17:25:00,True,False
74291,Arnon Bezerra,PSDB,PTB,1124,2003-09-24 18:10:00,False,True
74291,Arnon Bezerra,PTB,PTB,522,2009-10-06 20:36:00,True,False
74292,Edson Queiroz,PPB,PPB,611,1996-05-07 17:13:00,False,True
74294,Gonzaga Mota,PMDB,PMDB,553,1992-11-04 19:08:00,False,True
74296,Jackson Pereira,PSDB,PSDB,1707,1992-10-21 17:30:00,False,True
74297,José Linhares,PSDB,PSDB,553,1992-11-04 19:08:00,False,True
74297,José Linhares,PSDB,PDS>PP,244,1993-01-12 19:02:00,True,False
74297,José Linhares,PPB,PPB,611,1996-05-07 17:13:00,False,True
74297,José Linhares,PDS>PP,PDS>PP,1027,2005-08-17 17:22:00,False,True
74299,Leônidas Cristino,PSDB,PCB>PPS,1294,1997-10-22 18:26:00,True,False
74300,Marcelo Teixeira,PMDB,PMDB,728,2004-01-27 17:24:00,False,True
74300,Marcelo Teixeira,PMDB,PSDB,195,2005-10-19 18:55:00,True,False
74300,Marcelo Teixeira,PSDB,PL+PRONA>PR,2009,2007-03-13 18:22:00,False,True
74303,Pimentel Gomes,PSDB,PCB>PPS,2081,1997-08-20 17:21:00,True,False
74304,Pinheiro Landim,PMDB,PMDB,1707,1992-10-21 17:30:00,False,True
74305,Roberto Pessoa,PFL>DEM,PFL>DEM,579,2002-03-19 18:50:00,True,False
74305,Roberto Pessoa,PFL>DEM,PL+PRONA>PR,556,2003-07-29 20:33:00,False,True
74306,Rommel Feijó,PSDB,PTB,1124,2003-09-24 18:10:00,False,True
74307,Ubiratan Aguiar,PMDB,PMDB,1707,1992-10-21 17:30:00,False,True
74308,Vicente Arruda,PSDB,PL+PRONA>PR,864,2007-03-13 16:52:00,False,True
74308,Vicente Arruda,PL+PRONA>PR,PROS,368,2013-10-08 00:23:00,True,False
74309,Zé Gerardo,PMDB,PMDB,728,2004-01-27 17:24:00,False,True
74311,Ari Magalhães,PPB,PPB,611,1996-05-07 17:13:00,False,True
74312,B. Sá,PDS>PP,PTR,2410,1991-10-08 18:11:00,True,False
74312,B. Sá,PDS>PP,PSDB,1772,1995-05-11 12:59:00,False,True
74312,B. Sá,PCB>PPS,PCB>PPS,1571,2005-02-23 19:14:00,True,False
74312,B. Sá,PCB>PPS,PSB,1161,2005-08-23 18:55:00,False,True
74313,Ciro Nogueira,PFL>DEM,PFL>DEM,579,2002-03-19 18:50:00,True,False
74313,Ciro Nogueira,PDS>PP,PDS>PP,1161,2005-08-23 18:55:00,False,True
74314,Felipe Mendes,PFL>DEM,PPR,304,1993-03-02 17:39:00,True,False
74314,Felipe Mendes,PPB,PPB,611,1996-05-07 17:13:00,False,True
74315,Heraclito Fortes,PFL>DEM,PFL>DEM,579,2002-03-19 18:50:00,True,False
74316,João Henrique,PMDB,PMDB,1707,1992-10-21 17:30:00,False,True
74318,Mussa Demes,PFL>DEM,PFL>DEM,206,2002-03-12 18:08:00,True,False
74319,Paes Landim,PFL>DEM,PFL>DEM,206,2002-03-12 18:08:00,True,False
74319,Paes Landim,PFL>DEM,PTB,649,2004-02-17 18:22:00,False,True
74319,Paes Landim,PTB,PTB,1201,2009-09-30 17:25:00,True,False
74321,Betinho Rosado,PFL>DEM,PFL>DEM,206,2002-03-12 18:08:00,True,False
74321,Betinho Rosado,PFL>DEM,PDS>PP,1987,2013-10-01 21:48:00,False,True
74324,Henrique Eduardo Alves,PMDB,PMDB,906,1992-12-02 20:17:00,False,True
74324,Henrique Eduardo Alves,PMDB,PMDB,2371,2004-02-04 01:56:00,False,True
74325,Iberê Ferreira,PFL>DEM,PPB,631,1995-03-07 16:54:00,True,False
74325,Iberê Ferreira,PPB,PFL>DEM,611,1996-05-07 17:13:00,False,True
74325,Iberê Ferreira,PPB,PTB,2067,2001-05-29 18:01:00,True,False
74326,Laire Rosado,PMDB,PMDB,553,1992-11-04 19:08:00,False,True
74327,Ney Lopes,PFL>DEM,PFL>DEM,579,2002-03-19 18:50:00,True,False
74328,Adauto Pereira,PFL>DEM,PFL>DEM,206,2002-03-12 18:08:00,True,False
74329,Mario Assad Junior,PFL>DEM,PL+PRONA>PR,2210,2001-10-10 18:34:00,True,False
74337,Milton Barbosa,PFL>DEM,PFL>DEM,206,2002-03-12 18:08:00,True,False
74340,Airton Cascavel,PPB,PCB>PPS,1457,1999-04-28 17:05:00,True,False
74342,Badu Picanço,PSDB,PL+PRONA>PR,2209,2001-10-02 18:06:00,True,False
74343,Dr. Benedito Dias,PDS>PP,PDS>PP,1161,2005-08-23 18:55:00,False,True
74347,Deusdeth Pantoja,PFL>DEM,PFL>DEM,206,2002-03-12 18:08:00,True,False
74349,Babá,PT,PSOL,2339,2005-10-05 18:59:00,True,False
74355,Francisco Garcia,PFL>DEM,PFL>DEM,206,2002-03-12 18:08:00,True,False
74355,Francisco Garcia,PCB>PPS,PDS>PP,1927,2003-06-10 20:13:00,True,False
74355,Francisco Garcia,PDS>PP,PDS>PP,1027,2005-08-17 17:22:00,False,True
74356,Silas Câmara,PFL>DEM,PTB,2032,1999-10-06 17:46:00,True,False
74356,Silas Câmara,PAN,PTB,613,2007-04-02 19:17:00,False,True
74356,Silas Câmara,PTB,PAN,424,2007-04-24 11:29:00,True,False
74358,Agnaldo Muniz,PCB>PPS,PDS>PP,1571,2005-02-23 19:14:00,True,False
74358,Agnaldo Muniz,PDS>PP,PDS>PP,1027,2005-08-17 17:22:00,False,True
74358,Agnaldo Muniz,PDS>PP,PSC,1586,2010-11-23 19:25:00,True,False
74363,Márcio Bittar,PMDB,PCB>PPS,98,1999-03-18 16:29:00,True,False
74367,Leandro Vilela,PMDB,PMDB,179,2004-01-28 12:30:00,False,True
74372,Sandes Júnior,PDS>PP,PDS>PP,1161,2005-08-23 18:55:00,False,True
74374,Geraldo Resende,PCB>PPS,PCB>PPS,2372,2005-03-02 18:45:00,True,False
74374,Geraldo Resende,PCB>PPS,PMDB,754,2007-08-14 17:01:00,False,True
74377,André Zacharow,PDT,PDS>PP,21,2004-02-03 21:17:00,True,False
74377,André Zacharow,PDS>PP,PSB,1571,2005-02-23 19:14:00,False,True
74379,Cezar Silvestri,PCB>PPS,PCB>PPS,2372,2005-03-02 18:45:00,True,False
74385,Takayama,PSB,PMDB,510,2003-08-26 17:58:00,True,False
74385,Takayama,PMDB,PMDB,728,2004-01-27 17:24:00,False,True
74385,Takayama,PAN,PTB,613,2007-04-02 19:17:00,False,True
74385,Takayama,PTB,PAN,379,2007-04-18 16:28:00,True,False
74386,Adelor Vieira,PMDB,PMDB,728,2004-01-27 17:24:00,False,True
74387,Ivan Ranzolin,PDS>PP,PDS>PP,1161,2005-08-23 18:55:00,False,True
74387,Ivan Ranzolin,PDS>PP,PFL>DEM,787,2005-10-05 17:26:00,True,False
74388,Jorge Boeira,PT,PSD,1756,2011-11-09 20:13:00,True,False
74388,Jorge Boeira,PSD,PDS>PP,368,2013-10-08 00:23:00,False,True
74390,Paulo Afonso,PMDB,PMDB,728,2004-01-27 17:24:00,False,True
74392,Zonta,PDS>PP,PDS>PP,1027,2005-08-17 17:22:00,False,True
74393,Érico Ribeiro,PDS>PP,PDS>PP,1027,2005-08-17 17:22:00,False,True
74394,Francisco Turra,PDS>PP,PDS>PP,1161,2005-08-23 18:55:00,False,True
74397,Luciana Genro,PT,PSOL,775,2005-10-04 18:08:00,True,False
74401,José Ivo Sartori,PMDB,PMDB,728,2004-01-27 17:24:00,False,True
74405,Armando Abílio,PSDB,PTB,1876,2006-11-28 18:43:00,False,True
74405,Armando Abílio,PTB,PTB,1201,2009-09-30 17:25:00,True,False
74407,Efraim Morais,PFL>DEM,PFL>DEM,206,2002-03-12 18:08:00,True,False
74408,Enivaldo Ribeiro,PPB,PPB,611,1996-05-07 17:13:00,False,True
74408,Enivaldo Ribeiro,PDS>PP,PDS>PP,1027,2005-08-17 17:22:00,False,True
74409,Gilvan Freire,PMDB,PSB,457,1997-10-07 18:28:00,True,False
74410,Ivandro Cunha Lima,PMDB,PMDB,1707,1992-10-21 17:30:00,False,True
74412,José Luiz Clerot,PMDB,PMDB,1707,1992-10-21 17:30:00,False,True
74414,Wilson Braga,PDT,PSDB,1061,1997-02-25 19:13:00,False,True
74414,Wilson Braga,PFL>DEM,PFL>DEM,206,2002-03-12 18:08:00,True,False
74418,Fernando Lyra,PDT,PSB,244,1993-01-12 19:02:00,False,True
74418,Fernando Lyra,PSB,PSB,855,1993-09-14 20:57:00,True,False
74419,Gonzaga Patriota,PSB,PSB,368,2013-10-08 00:23:00,True,False
74421,Inocêncio Oliveira,PFL>DEM,PFL>DEM,579,2002-03-19 18:50:00,True,False
74421,Inocêncio Oliveira,PFL>DEM,PMDB,1571,2005-02-23 19:14:00,False,True
74422,João Colaço,PSB,PMDB,2043,1999-02-24 17:53:00,False,True
74423,José Chaves,PSDB,PSB,1852,1995-03-22 16:57:00,True,False
74423,José Chaves,PSB,PSDB,611,1996-05-07 17:13:00,False,True
74423,José Chaves,PMDB,PTB,1537,2003-05-15 12:57:00,False,True
74423,José Chaves,PTB,PTB,1201,2009-09-30 17:25:00,True,False
74425,José Mendonça Bezerra,PFL>DEM,PFL>DEM,206,2002-03-12 18:08:00,True,False
74426,José Múcio Monteiro,PSDB,PTB,1709,2003-05-20 17:38:00,False,True
74427,Luiz Piauhylino,PSB,PSB,553,1992-11-04 19:08:00,False,True
74427,Luiz Piauhylino,PSB,PSB,855,1993-09-14 20:57:00,True,False
74427,Luiz Piauhylino,PSB,PSDB,908,1995-08-24 17:04:00,False,True
74427,Luiz Piauhylino,PSDB,PTB,872,2003-08-12 14:01:00,False,True
74427,Luiz Piauhylino,PTB,PDT,968,2004-12-15 19:11:00,True,False
74429,Nilson Gibson,PMDB,PMDB,1707,1992-10-21 17:30:00,False,True
74429,Nilson Gibson,PMDB,PMN,118,1993-01-20 20:32:00,True,False
74429,Nilson Gibson,PMN,PMDB,348,1993-09-28 19:20:00,False,True
74429,Nilson Gibson,PMDB,PMN,536,1994-02-22 14:06:00,True,False
74430,Osvaldo Coelho,PFL>DEM,PFL>DEM,206,2002-03-12 18:08:00,True,False
74431,Pedro Correa,PFL>DEM,PPB,1959,1995-02-16 16:49:00,True,False
74431,Pedro Correa,PPB,PPB,611,1996-05-07 17:13:00,False,True
74431,Pedro Correa,PDS>PP,PDS>PP,1161,2005-08-23 18:55:00,False,True
74433,Roberto Magalhães,PSDB,PTB,1537,2003-05-15 12:57:00,False,True
74433,Roberto Magalhães,PTB,PFL>DEM,1571,2005-02-23 19:14:00,True,False
74434,Salatiel Carvalho,PDS>PP,PTR,1003,1991-09-04 17:35:00,True,False
74434,Salatiel Carvalho,PPB,PPB,611,1996-05-07 17:13:00,False,True
74435,Sérgio Guerra,PSB,PSB,1707,1992-10-21 17:30:00,False,True
74435,Sérgio Guerra,PSB,PSB,858,1993-09-15 13:38:00,True,False
74435,Sérgio Guerra,PSB,PSDB,2001,1999-06-09 17:17:00,False,True
74436,Severino Cavalcanti,PPB,PFL>DEM,1084,1995-03-15 17:06:00,False,True
74436,Severino Cavalcanti,PDS>PP,PDS>PP,1027,2005-08-17 17:22:00,False,True
74438,Wilson Campos,PMDB,PMDB,1707,1992-10-21 17:30:00,False,True
74439,Wolney Queiroz,PDT,PDT,615,2007-04-10 11:43:00,False,True
74441,Augusto Farias,PPB,PPB,897,1996-05-14 17:49:00,False,True
74441,Augusto Farias,PTB,PTB,1201,2009-09-30 17:25:00,True,False
74442,Sérgio Barros,PDT,PSDB,1138,1999-08-24 18:33:00,False,True
74444,Pastor Amarildo,PSB,PSC,1112,2003-09-16 19:45:00,True,False
74444,Pastor Amarildo,PSC,PMDB,2372,2005-03-02 18:45:00,False,True
74444,Pastor Amarildo,PMDB,PSC,1161,2005-08-23 18:55:00,True,False
74447,Nice Lobão,PFL>DEM,PFL>DEM,579,2002-03-19 18:50:00,True,False
74448,Paulo Marinho,PFL>DEM,PFL>DEM,2237,2002-04-16 17:20:00,True,False
74448,Paulo Marinho,PFL>DEM,PL+PRONA>PR,19,2003-07-30 17:31:00,False,True
74449,Pedro Fernandes,PFL>DEM,PFL>DEM,579,2002-03-19 18:50:00,True,False
74449,Pedro Fernandes,PTB,PTB,1201,2009-09-30 17:25:00,True,False
74454,Eunício Oliveira,PMDB,PMDB,1027,2005-08-17 17:22:00,False,True
74455,Léo Alcântara,PSDB,PL+PRONA>PR,864,2007-03-13 16:52:00,False,True
74457,Moroni Torgan,PSDB,PSDB,1707,1992-10-21 17:30:00,False,True
74457,Moroni Torgan,PFL>DEM,PFL>DEM,579,2002-03-19 18:50:00,True,False
74459,Átila Lira,PSDB,PSB,552,2007-02-28 17:05:00,False,True
74460,Marcelo Castro,PMDB,PMDB,179,2004-01-28 12:30:00,False,True
74463,Lavoisier Maia,PFL>DEM,PFL>DEM,206,2002-03-12 18:08:00,True,False
74463,Lavoisier Maia,PFL>DEM,PSB,653,2003-03-19 18:37:00,False,True
74464,Múcio Sá,PMDB,PTB,2067,2001-05-29 18:01:00,True,False
74466,Carlos Dunga,PMDB,PTB,1866,2001-02-20 17:56:00,True,False
74467,Damião Feliciano,PTB,PMDB,87,1999-03-09 00:30:00,False,True
74467,Damião Feliciano,PMDB,PDS>PP,1035,2004-08-11 17:19:00,True,False
74469,Inaldo Leitão,PSDB,PL+PRONA>PR,496,2003-08-05 00:23:00,False,True
74470,Marcondes Gadelha,PFL>DEM,PFL>DEM,580,2002-03-19 20:38:00,True,False
74470,Marcondes Gadelha,PFL>DEM,PTB,555,2003-07-29 17:41:00,False,True
74470,Marcondes Gadelha,PSB,PSC,286,2009-10-21 21:50:00,True,False
74472,Armando Monteiro,PMDB,PTB,902,2003-05-28 18:15:00,False,True
74472,Armando Monteiro,PTB,PTB,1935,2009-10-13 19:17:00,True,False
74474,Carlos Eduardo Cadoca,PMDB,PMDB,728,2004-01-27 17:24:00,False,True
74474,Carlos Eduardo Cadoca,PMDB,PSC,1730,2007-10-08 18:49:00,True,False
74474,Carlos Eduardo Cadoca,PSC,PCdoB,368,2013-10-08 00:23:00,False,True
74474,Carlos Eduardo Cadoca,PCdoB,PSC,364,2013-10-08 17:57:00,True,False
74477,Joaquim Francisco,PFL>DEM,PFL>DEM,206,2002-03-12 18:08:00,True,False
74477,Joaquim Francisco,PFL>DEM,PTB,1537,2003-05-15 12:57:00,False,True
74477,Joaquim Francisco,PTB,PFL>DEM,194,2005-10-19 16:40:00,True,False
74479,Marcos de Jesus,PST,PSDB,1610,2000-02-22 18:12:00,False,True
74479,Marcos de Jesus,PSDB,PL+PRONA>PR,2170,2001-03-13 18:26:00,True,False
74479,Marcos de Jesus,PL+PRONA>PR,PFL>DEM,775,2005-10-04 18:08:00,True,False
74480,Francisco Appio,PDS>PP,PDS>PP,46,2005-08-31 18:34:00,False,True
74489,Hamilton Casara,PSDB,PSB,478,2003-12-18 17:46:00,False,True
74489,Hamilton Casara,PL+PRONA>PR,PSDB,775,2005-10-04 18:08:00,True,False
74493,Jurandir Boia,PSB,PDT,1571,2005-02-23 19:14:00,True,False
74497,Sergio Caiado,PDS>PP,PDS>PP,1027,2005-08-17 17:22:00,False,True
74517,Benedito de Lira,PTB,PPB,843,2003-04-08 18:02:00,True,False
74517,Benedito de Lira,PDS>PP,PDS>PP,1027,2005-08-17 17:22:00,False,True
74520,José Thomaz Nonô,PMDB,PMDB,1707,1992-10-21 17:30:00,False,True
74520,José Thomaz Nonô,PFL>DEM,PFL>DEM,206,2002-03-12 18:08:00,True,False
74522,Moacyr Andrade,PPB,PPB,611,1996-05-07 17:13:00,False,True
74523,Talvane Albuquerque,PPB,PPB,2513,1996-05-15 17:16:00,False,True
74524,Adelson Ribeiro,PSDB,PSC,2365,1999-11-17 18:59:00,True,False
74527,Cleonâncio Fonseca,PPR,PSDB,44,1995-05-18 16:49:00,False,True
74527,Cleonâncio Fonseca,PSDB,PPB,161,1995-09-27 17:23:00,True,False
74527,Cleonâncio Fonseca,PPB,PPB,611,1996-05-07 17:13:00,False,True
74527,Cleonâncio Fonseca,PDS>PP,PDS>PP,775,2005-10-04 18:08:00,False,True
74529,José Teles,PDS>PP,PDS>PP,1707,1992-10-21 17:30:00,True,False
74529,José Teles,PPB,PPB,1324,1996-05-08 18:19:00,False,True
74534,Aroldo Cedraz,PFL>DEM,PFL>DEM,358,2002-04-10 16:32:00,True,False
74537,Claudio Cajado,PFL>DEM,PFL>DEM,206,2002-03-12 18:08:00,True,False
74538,Coriolano Sales,PSDB,PDT,1084,1995-03-15 17:06:00,True,False
74538,Coriolano Sales,PDT,PMDB,2032,1999-10-06 17:46:00,False,True
74539,Domingos Leonelli,PSDB,PSB,457,1997-10-07 18:28:00,True,False
74542,Félix Mendonça,PTB,PTB,2141,1992-04-29 16:43:00,False,True
74542,Félix Mendonça,PTB,PTB,1582,1994-02-02 13:46:00,True,False
74542,Félix Mendonça,PTB,PFL>DEM,1350,2003-10-08 18:21:00,True,False
74544,Geddel Vieira Lima,PMDB,PMDB,553,1992-11-04 19:08:00,False,True
74544,Geddel Vieira Lima,PMDB,PMDB,728,2004-01-27 17:24:00,False,True
74546,Jairo Azi,PDC,PFL>DEM,808,1993-01-26 19:06:00,False,True
74546,Jairo Azi,PFL>DEM,PSD,304,1993-03-02 17:39:00,True,False
74546,Jairo Azi,PSD,PFL>DEM,537,1994-02-23 12:07:00,False,True
74547,Jairo Carneiro,PFL>DEM,PFL>DEM,579,2002-03-19 18:50:00,True,False
74549,João Almeida,PMDB,PMDB,1707,1992-10-21 17:30:00,False,True
74551,Jonival Lucas,PDC,PFL>DEM,118,1993-01-20 20:32:00,False,True
74551,Jonival Lucas,PFL>DEM,PSD,1938,1994-01-12 20:34:00,True,False
74551,Jonival Lucas,PSD,PFL>DEM,1395,1994-03-09 13:05:00,False,True
74552,Jorge Khoury,PFL>DEM,PFL>DEM,579,2002-03-19 18:50:00,True,False
74553,José Carlos Aleluia,PFL>DEM,PFL>DEM,205,2002-03-06 18:14:00,True,False
74554,José Rocha,PFL>DEM,PFL>DEM,579,2002-03-19 18:50:00,True,False
74554,José Rocha,PFL>DEM,PL+PRONA>PR,864,2007-03-13 16:52:00,False,True
74558,Givaldo Carimbão,PSB,PROS,992,2013-10-01 19:02:00,True,False
74562,Ivan Paixão,PCB>PPS,PCB>PPS,1571,2005-02-23 19:14:00,True,False
74563,Jorge Alberto,PMDB,PMDB,728,2004-01-27 17:24:00,False,True
74564,Sérgio Reis,PSDB,PTB,918,2001-04-18 13:00:00,True,False
74565,Francistônio Pinto,PFL>DEM,PFL>DEM,206,2002-03-12 18:08:00,True,False
74567,Gerson Gabrielli,PFL>DEM,PFL>DEM,206,2002-03-12 18:08:00,True,False
74568,Jonival Lucas Junior,PMDB,PTB,496,2003-08-05 00:23:00,False,True
74570,Jutahy Junior,PSDB,PSDB,456,1994-01-12 13:30:00,False,True
74573,Paulo Braga,PFL>DEM,PFL>DEM,206,2002-03-12 18:08:00,True,False
74574,Paulo Magalhães,PFL>DEM,PFL>DEM,206,2002-03-12 18:08:00,True,False
74576,Waldir Pires,PDT,PSDB,118,1993-01-20 20:32:00,False,True
74577,Cabo Júlio,PSB,PSC,2017,2003-09-15 00:00:00,True,False
74577,Cabo Júlio,PSC,PMDB,1296,2005-03-09 20:25:00,False,True
74578,Cleuber Carneiro,PFL>DEM,PFL>DEM,206,2002-03-12 18:08:00,True,False
74578,Cleuber Carneiro,PFL>DEM,PTB,1571,2005-02-23 19:14:00,False,True
74580,Edmar Moreira,PDS>PP,PDS>PP,1707,1992-10-21 17:30:00,True,False
74580,Edmar Moreira,PL+PRONA>PR,PFL>DEM,787,2005-10-05 17:26:00,True,False
74580,Edmar Moreira,PFL>DEM,PL+PRONA>PR,776,2009-08-26 18:18:00,False,True
74580,Edmar Moreira,PL+PRONA>PR,PTB,986,2014-03-11 19:54:00,True,False
74584,José Militão,PSDB,PTB,1377,2001-10-03 18:12:00,True,False
74591,Romeu Queiroz,PSDB,PTB,1377,2001-10-03 18:12:00,True,False
74592,Ronaldo Vasconcellos,PL+PRONA>PR,PFL>DEM,40,1999-06-15 17:23:00,False,True
74592,Ronaldo Vasconcellos,PFL>DEM,PL+PRONA>PR,205,2002-03-06 18:14:00,True,False
74632,Luiz Moreira,PTB,PTB,2141,1992-04-29 16:43:00,False,True
74632,Luiz Moreira,PFL>DEM,PFL>DEM,206,2002-03-12 18:08:00,True,False
74634,Marcos Medrado,PPB,PPB,442,1996-05-21 17:21:00,False,True
74634,Marcos Medrado,PDT,PDT,764,2007-04-03 16:18:00,False,True
74634,Marcos Medrado,PDT,SD,1987,2013-10-01 21:48:00,True,False
74635,Mário Negromonte,PDS>PP,PDS>PP,1027,2005-08-17 17:22:00,False,True
74636,Nestor Duarte,PMDB,PMDB,1707,1992-10-21 17:30:00,False,True
74637,Pedro Irujo,PMDB,PMDB,1707,1992-10-21 17:30:00,False,True
74637,Pedro Irujo,PFL>DEM,PFL>DEM,206,2002-03-12 18:08:00,True,False
74637,Pedro Irujo,PFL>DEM,PL+PRONA>PR,1351,2003-10-15 17:58:00,False,True
74638,Prisco Viana,PMDB,PDS>PP,1003,1991-09-04 17:35:00,False,True
74638,Prisco Viana,PDS>PP,PDS>PP,553,1992-11-04 19:08:00,True,False
74638,Prisco Viana,PPB,PPB,611,1996-05-07 17:13:00,False,True
74640,Roland Lavigne,PL+PRONA>PR,PFL>DEM,1985,1996-01-23 17:52:00,False,True
74640,Roland Lavigne,PMDB,PSDB,1876,2006-11-28 18:43:00,True,False
74641,Severiano Alves,PDT,PDT,728,2004-01-27 17:24:00,True,False
74641,Severiano Alves,PDT,PDT,613,2007-04-02 19:17:00,False,True
74644,Ursicino Queiroz,PFL>DEM,PFL>DEM,579,2002-03-19 18:50:00,True,False
74646,Aécio Neves,PSDB,PSDB,554,1992-11-04 20:58:00,False,True
74648,Aracely de Paula,PFL>DEM,PFL>DEM,206,2002-03-12 18:08:00,True,False
74649,Armando Costa,PMDB,PMDB,1707,1992-10-21 17:30:00,False,True
74650,Bonifácio de Andrada,PSDB,PPB,533,1996-04-10 19:11:00,True,False
74650,Bonifácio de Andrada,PPB,PPB,611,1996-05-07 17:13:00,False,True
74651,Carlos Melles,PFL>DEM,PFL>DEM,358,2002-04-10 16:32:00,True,False
74656,Elias Murad,PSDB,PSDB,1707,1992-10-21 17:30:00,False,True
74657,Eliseu Resende,PFL>DEM,PFL>DEM,206,2002-03-12 18:08:00,True,False
74658,Fernando Diniz,PMDB,PMDB,1707,1992-10-21 17:30:00,False,True
74658,Fernando Diniz,PMDB,PMDB,728,2004-01-27 17:24:00,False,True
74659,Genésio Bernardino,PMDB,PMDB,1707,1992-10-21 17:30:00,False,True
74660,Herculano Anghinetti,PSDB,PPB,1984,1996-01-17 16:50:00,True,False
74660,Herculano Anghinetti,PPB,PPB,1323,1996-05-07 18:35:00,False,True
74660,Herculano Anghinetti,PDS>PP,PDS>PP,1223,2006-04-04 17:25:00,False,True
74663,Ibrahim Abi-Ackel,PDS>PP,PDS>PP,1707,1992-10-21 17:30:00,True,False
74663,Ibrahim Abi-Ackel,PPB,PPB,611,1996-05-07 17:13:00,False,True
74663,Ibrahim Abi-Ackel,PDS>PP,PDS>PP,775,2005-10-04 18:08:00,False,True
74664,Israel Pinheiro,PRS,PTB,244,1993-01-12 19:02:00,False,True
74664,Israel Pinheiro,PTB,PTB,1582,1994-02-02 13:46:00,True,False
74665,Jaime Martins,PFL>DEM,PFL>DEM,579,2002-03-19 18:50:00,True,False
74665,Jaime Martins,PL+PRONA>PR,PSD,1722,2013-11-05 20:53:00,True,False
74666,Jair Siqueira,PPB,PFL>DEM,1084,1995-03-15 17:06:00,False,True
74669,Zezé Perrella,PFL>DEM,PFL>DEM,206,2002-03-12 18:08:00,True,False
74670,José Carlos Fonseca Jr.,PFL>DEM,PFL>DEM,206,2002-03-12 18:08:00,True,False
74674,Ricardo Ferraço,PSDB,PCB>PPS,1374,2001-08-01 18:04:00,True,False
74675,Almerinda de Carvalho,PSB,PMDB,510,2003-08-26 17:58:00,True,False
74675,Almerinda de Carvalho,PMDB,PMDB,728,2004-01-27 17:24:00,False,True
74680,Dr. Heleno,PDS>PP,PMDB,1571,2005-02-23 19:14:00,False,True
74680,Dr. Heleno,PMDB,PSC,1163,2005-10-11 16:10:00,True,False
74683,Eduardo Paes,PFL>DEM,PTB,1140,1999-09-14 17:49:00,True,False
74684,Iédio Rosa,PMDB,PSB,1866,2001-02-20 17:56:00,True,False
74684,Iédio Rosa,PSB,PFL>DEM,1548,2001-09-25 18:23:00,False,True
74684,Iédio Rosa,PFL>DEM,PFL>DEM,579,2002-03-19 18:50:00,True,False
74687,Luisinho,PSDB,PDT,2080,1999-10-19 19:19:00,True,False
74687,Luisinho,PST,PPB,1377,2001-10-03 18:12:00,False,True
74689,Mattos Nascimento,PMDB,PST,1490,2000-01-12 18:53:00,True,False
74693,Rodrigo Maia,PFL>DEM,PTB,1140,1999-09-14 17:49:00,True,False
74695,Wanderley Martins,PDT,PFL>DEM,1865,2001-02-06 17:42:00,False,True
74695,Wanderley Martins,PFL>DEM,PSB,1866,2001-02-20 17:56:00,True,False
74698,André Benassi,PSDB,PSDB,1707,1992-10-21 17:30:00,False,True
74704,Emerson Kapaz,PSDB,PCB>PPS,2032,1999-10-06 17:46:00,True,False
74740,José Rezende,PTB,PPB,1959,1995-02-16 16:49:00,True,False
74740,José Rezende,PPB,PPB,611,1996-05-07 17:13:00,False,True
74741,José Santana de Vasconcellos,PFL>DEM,PL+PRONA>PR,80,2003-04-23 17:14:00,False,True
74742,Lael Varella,PFL>DEM,PFL>DEM,206,2002-03-12 18:08:00,True,False
74743,Leopoldo Bessone,PST,PTB,244,1993-01-12 19:02:00,False,True
74743,Leopoldo Bessone,PTB,PTB,1395,1994-03-09 13:05:00,True,False
74744,Márcio Reinaldo Moreira,PPB,PPB,611,1996-05-07 17:13:00,False,True
74744,Márcio Reinaldo Moreira,PDS>PP,PDS>PP,1027,2005-08-17 17:22:00,False,True
74745,Marcos Lima,PMDB,PMDB,1707,1992-10-21 17:30:00,False,True
74747,Mário de Oliveira,PDS>PP,PTR,2410,1991-10-08 18:11:00,True,False
74747,Mário de Oliveira,PPB,PPB,611,1996-05-07 17:13:00,False,True
74747,Mário de Oliveira,PMDB,PST,2210,2001-10-10 18:34:00,True,False
74748,Maurício Campos,PL+PRONA>PR,PL+PRONA>PR,2141,1992-04-29 16:43:00,False,True
74748,Maurício Campos,PL+PRONA>PR,PL+PRONA>PR,1799,1992-11-25 17:16:00,True,False
74748,Maurício Campos,PL+PRONA>PR,PSDB,1986,1998-02-04 18:28:00,False,True
74749,Mauro Lopes,PMDB,PMDB,728,2004-01-27 17:24:00,False,True
74752,Odelmo Leão,PDS>PP,PDS>PP,1707,1992-10-21 17:30:00,True,False
74752,Odelmo Leão,PPB,PPB,611,1996-05-07 17:13:00,False,True
74753,Osmânio Pereira,PSDB,PSDB,1707,1992-10-21 17:30:00,False,True
74753,Osmânio Pereira,PSDB,PTB,872,2003-08-12 14:01:00,False,True
74755,Paulo Heslander,PTB,PTB,2141,1992-04-29 16:43:00,False,True
74755,Paulo Heslander,PTB,PTB,1582,1994-02-02 13:46:00,True,False
74756,Philemon Rodrigues,PTB,PMDB,87,1999-03-09 00:30:00,False,True
74756,Philemon Rodrigues,PMDB,PL+PRONA>PR,1610,2000-02-22 18:12:00,True,False
74757,Raul Belém,PDS>PP,PDS>PP,118,1993-01-20 20:32:00,True,False
74757,Raul Belém,PDS>PP,PFL>DEM,44,1995-05-18 16:49:00,False,True
74758,Roberto Brant,PFL>DEM,PFL>DEM,206,2002-03-12 18:08:00,True,False
74759,Romel Anízio,PDS>PP,PDS>PP,1707,1992-10-21 17:30:00,True,False
74759,Romel Anízio,PPB,PPB,611,1996-05-07 17:13:00,False,True
74759,Romel Anízio,PDS>PP,PDS>PP,1161,2005-08-23 18:55:00,False,True
74760,Ronaldo Perim,PMDB,PMDB,244,1993-01-12 19:02:00,False,True
74762,Saraiva Felipe,PMDB,PMDB,179,2004-01-28 12:30:00,False,True
74763,Sérgio Miranda,PCdoB,PDT,775,2005-10-04 18:08:00,True,False
74764,Sérgio Naya,PMDB,PMDB,1707,1992-10-21 17:30:00,False,True
74764,Sérgio Naya,PMDB,PDS>PP,244,1993-01-12 19:02:00,True,False
74764,Sérgio Naya,PPB,PPB,1324,1996-05-08 18:19:00,False,True
74765,Silas Brasileiro,PMDB,PMDB,730,2004-02-03 17:27:00,False,True
74768,Vittorio Medioli,PSDB,PSDB,1707,1992-10-21 17:30:00,False,True
74769,Zaire Rezende,PMDB,PMDB,1707,1992-10-21 17:30:00,False,True
74770,Adelson Salvador,PSB,PMDB,2508,1996-03-05 17:06:00,False,True
74771,Feu Rosa,PDS>PP,PDS>PP,1162,2005-08-24 17:57:00,False,True
74775,Luiz Durão,PDT,PFL>DEM,703,1997-11-19 20:14:00,False,True
74776,Nilton Baiano,PMDB,PMDB,553,1992-11-04 19:08:00,False,True
74776,Nilton Baiano,PMDB,PPB,1984,1996-01-17 16:50:00,True,False
74776,Nilton Baiano,PPB,PPB,611,1996-05-07 17:13:00,False,True
74776,Nilton Baiano,PDS>PP,PDS>PP,1027,2005-08-17 17:22:00,False,True
74777,Rita Camata,PMDB,PMDB,553,1992-11-04 19:08:00,False,True
74777,Rita Camata,PMDB,PSDB,312,2009-11-03 17:57:00,True,False
74778,Gilberto Kassab,PFL>DEM,PFL>DEM,579,2002-03-19 18:50:00,True,False
74779,Dr. Hélio,PDT,PDT,728,2004-01-27 17:24:00,True,False
74781,João Herrmann Neto,PCB>PPS,PDT,2359,2004-12-01 16:28:00,True,False
74784,Luiza Erundina,PSB,PSB,368,2013-10-08 00:23:00,True,False
74785,Marcos Cintra,PL+PRONA>PR,PFL>DEM,1865,2001-02-06 17:42:00,False,True
74785,Marcos Cintra,PFL>DEM,PFL>DEM,206,2002-03-12 18:08:00,True,False
74786,Medeiros,PFL>DEM,PL+PRONA>PR,1866,2001-02-20 17:56:00,True,False
74788,Moreira Ferreira,PFL>DEM,PFL>DEM,579,2002-03-19 18:50:00,True,False
74790,Neuton Lima,PDT,PFL>DEM,1561,1999-05-12 19:23:00,False,True
74790,Neuton Lima,PFL>DEM,PFL>DEM,205,2002-03-06 18:14:00,True,False
74795,Rubens Furlan,PFL>DEM,PCB>PPS,2032,1999-10-06 17:46:00,True,False
74799,Celcita Pinheiro,PFL>DEM,PFL>DEM,579,2002-03-19 18:50:00,True,False
74800,Lino Rossi,PSDB,PSB,2045,2004-08-11 18:44:00,False,True
74800,Lino Rossi,PSB,PDS>PP,2363,2004-12-08 17:04:00,True,False
74800,Lino Rossi,PDS>PP,PDS>PP,1027,2005-08-17 17:22:00,False,True
74804,Paulo Octávio,PRN,PRN,553,1992-11-04 19:08:00,True,False
74804,Paulo Octávio,PFL>DEM,PFL>DEM,580,2002-03-19 20:38:00,True,False
74806,Tadeu Filippelli,PMDB,PMDB,728,2004-01-27 17:24:00,False,True
74809,Juquinha,PSDB,PL+PRONA>PR,1377,2001-10-03 18:12:00,True,False
74810,Luiz Bittencourt,PMDB,PMDB,728,2004-01-27 17:24:00,False,True
74812,Pedro Chaves,PMDB,PMDB,179,2004-01-28 12:30:00,False,True
74813,Ronaldo Caiado,PFL>DEM,PFL>DEM,579,2002-03-19 18:50:00,True,False
74826,Roberto Valadão,PMDB,PMDB,1707,1992-10-21 17:30:00,False,True
74828,Aldir Cabral,PTB,PTB,1574,1992-04-29 21:46:00,False,True
74828,Aldir Cabral,PSDB,PFL>DEM,579,2002-03-19 18:50:00,True,False
74830,Alexandre Santos,PDS>PP,PMDB,1571,2005-02-23 19:14:00,False,True
74831,Alvaro Valle,PL+PRONA>PR,PL+PRONA>PR,1268,1992-09-22 18:26:00,False,True
74831,Alvaro Valle,PL+PRONA>PR,PL+PRONA>PR,553,1992-11-04 19:08:00,True,False
74832,Amaral Netto,PDS>PP,PDS>PP,1707,1992-10-21 17:30:00,True,False
74833,Arolde de Oliveira,PFL>DEM,PFL>DEM,579,2002-03-19 18:50:00,True,False
74834,Candinho Mattos,PSDB,PCB>PPS,1865,2001-02-06 17:42:00,True,False
74834,Candinho Mattos,PCB>PPS,PSDB,579,2002-03-19 18:50:00,False,True
74838,Edson Ezequiel,PSB,PMDB,510,2003-08-26 17:58:00,True,False
74838,Edson Ezequiel,PMDB,PMDB,728,2004-01-27 17:24:00,False,True
74839,Eduardo Mascarenhas,PDT,PSDB,244,1993-01-12 19:02:00,False,True
74840,Eurico Miranda,PPB,PPB,611,1996-05-07 17:13:00,False,True
74841,Fernando Gabeira,PT,PV,1571,2005-02-23 19:14:00,True,False
74843,Fernando Lopes,PMDB,PMDB,728,2004-01-27 17:24:00,False,True
74844,Francisco Dornelles,PPB,PPB,2481,1998-04-29 18:51:00,False,True
74844,Francisco Dornelles,PDS>PP,PDS>PP,1027,2005-08-17 17:22:00,False,True
74845,Francisco Silva,PPB,PPB,611,1996-05-07 17:13:00,False,True
74845,Francisco Silva,PPB,PST,2096,1999-12-01 17:31:00,True,False
74846,Itamar Serpa,PDT,PSDB,1250,1995-09-12 16:56:00,False,True
74847,Jair Bolsonaro,PPB,PPB,611,1996-05-07 17:13:00,False,True
74847,Jair Bolsonaro,PTB,PFL>DEM,1571,2005-02-23 19:14:00,True,False
74847,Jair Bolsonaro,PDS>PP,PDS>PP,1027,2005-08-17 17:22:00,False,True
74849,João Mendes,PTB,PTB,2141,1992-04-29 16:43:00,False,True
74849,João Mendes,PTB,PTB,1582,1994-02-02 13:46:00,True,False
74849,João Mendes,PTB,PPB,1959,1995-02-16 16:49:00,True,False
74849,João Mendes,PPB,PPB,611,1996-05-07 17:13:00,False,True
74849,João Mendes,PFL>DEM,PFL>DEM,579,2002-03-19 18:50:00,True,False
74850,Jorge Wilson,PMDB,PPB,1984,1996-01-17 16:50:00,True,False
74850,Jorge Wilson,PPB,PPB,611,1996-05-07 17:13:00,False,True
74851,José Carlos Coutinho,PDT,PFL>DEM,1984,1996-01-17 16:50:00,False,True
74851,José Carlos Coutinho,PFL>DEM,PFL>DEM,206,2002-03-12 18:08:00,True,False
74852,José Carlos Lacerda,PPB,PSDB,1984,1996-01-17 16:50:00,False,True
74853,José Egydio,PL+PRONA>PR,PL+PRONA>PR,1576,1992-04-29 22:56:00,False,True
74853,José Egydio,PL+PRONA>PR,PL+PRONA>PR,1707,1992-10-21 17:30:00,True,False
74853,José Egydio,PL+PRONA>PR,PFL>DEM,1345,1997-07-17 12:05:00,False,True
74853,José Egydio,PFL>DEM,PL+PRONA>PR,1865,2001-02-06 17:42:00,True,False
74855,Laprovita Vieira,PMDB,PMDB,1707,1992-10-21 17:30:00,False,True
74855,Laprovita Vieira,PMDB,PDS>PP,244,1993-01-12 19:02:00,True,False
74855,Laprovita Vieira,PPB,PPB,897,1996-05-14 17:49:00,False,True
74856,Laura Carneiro,PPB,PFL>DEM,1972,1995-11-22 17:41:00,False,True
74856,Laura Carneiro,PFL>DEM,PFL>DEM,579,2002-03-19 18:50:00,True,False
74862,Miro Teixeira,PDT,PCB>PPS,1039,2004-04-13 19:23:00,False,True
74862,Miro Teixeira,PT,PDT,775,2005-10-04 18:08:00,True,False
74862,Miro Teixeira,PDT,PDT,613,2007-04-02 19:17:00,False,True
74862,Miro Teixeira,PDT,PROS,368,2013-10-08 00:23:00,True,False
74862,Miro Teixeira,PROS,PDT,365,2013-10-08 19:52:00,False,True
74863,Moreira Franco,PMDB,PMDB,728,2004-01-27 17:24:00,False,True
77701,Jackson Barreto,PMN,PTB,589,2003-04-29 18:06:00,False,True
92355,Vitor Paulo,PMR>PRB,PMR>PRB,1087,2012-03-06 20:06:00,False,True
132146,Jurandyr Paixão,PMDB,PMDB,906,1992-12-02 20:17:00,False,True
133374,Ademir Camilo,PL+PRONA>PR,PDT,787,2005-10-05 17:26:00,True,False
133374,Ademir Camilo,PDT,PDT,764,2007-04-03 16:18:00,False,True
133374,Ademir Camilo,PDT,PSD,1747,2011-11-08 00:37:00,True,False
133377,André Costa,PT,PDT,775,2005-10-04 18:08:00,True,False
133440,Ana Alencar,PSDB,PL+PRONA>PR,1678,2005-06-01 16:35:00,False,True
133440,Ana Alencar,PL+PRONA>PR,PSDB,170,2006-01-31 17:38:00,True,False
133783,Francisco Diógenes,PDS>PP,PDS>PP,553,1992-11-04 19:08:00,True,False
133783,Francisco Diógenes,PDS>PP,PMDB,244,1993-01-12 19:02:00,False,True
133783,Francisco Diógenes,PMDB,PPR,2139,1993-05-05 18:44:00,True,False
133783,Francisco Diógenes,PPR,PMDB,624,1994-12-21 14:44:00,False,True
133843,Tidei de Lima,PMDB,PMDB,1707,1992-10-21 17:30:00,False,True
133844,Eliel Rodrigues,PMDB,PMDB,1707,1992-10-21 17:30:00,False,True
133844,Eliel Rodrigues,PMDB,PPR,244,1993-01-12 19:02:00,True,False
133844,Eliel Rodrigues,PPR,PMDB,855,1993-09-14 20:57:00,False,True
133845,Osvaldo Bender,PDS>PP,PDS>PP,1707,1992-10-21 17:30:00,True,False
133848,José Aldo,PRS,PTB,118,1993-01-20 20:32:00,False,True
133848,José Aldo,PTB,PTB,2202,1994-04-20 13:08:00,True,False
133849,Pedro Tassis,PMDB,PMDB,1707,1992-10-21 17:30:00,False,True
133853,Ibsen Pinheiro,PMDB,PMDB,1799,1992-11-25 17:16:00,False,True
133854,Jorge Uequed,PSDB,PSDB,1707,1992-10-21 17:30:00,False,True
133855,Victor Faccioni,PDS>PP,PDS>PP,1707,1992-10-21 17:30:00,True,False
133856,Djenal Gonçalves,PDS>PP,PDS>PP,1707,1992-10-21 17:30:00,True,False
133856,Djenal Gonçalves,PDS>PP,PSDB,118,1993-01-20 20:32:00,False,True
133856,Djenal Gonçalves,PSDB,PPR,1938,1994-01-12 20:34:00,True,False
133856,Djenal Gonçalves,PPR,PSDB,537,1994-02-23 12:07:00,False,True
133857,Joaquim Sucena,PTB,PTB,2141,1992-04-29 16:43:00,False,True
133857,Joaquim Sucena,PTB,PTB,2202,1994-04-20 13:08:00,True,False
133859,Mendes Ribeiro,PMDB,PMDB,1707,1992-10-21 17:30:00,False,True
133860,Valter Pereira,PMDB,PMDB,553,1992-11-04 19:08:00,False,True
133861,José Elias,PTB,PTB,2141,1992-04-29 16:43:00,False,True
133861,José Elias,PTB,PTB,537,1994-02-23 12:07:00,True,False
133863,João de Deus Antunes,PDS>PP,PDS>PP,1707,1992-10-21 17:30:00,True,False
133864,Raquel Cândido,PTB,PTB,2141,1992-04-29 16:43:00,False,True
133867,José Dutra,PMDB,PMDB,906,1992-12-02 20:17:00,False,True
133868,Antônio de Jesus,PMDB,PMDB,1707,1992-10-21 17:30:00,False,True
133868,Antônio de Jesus,PMDB,PPR,244,1993-01-12 19:02:00,True,False
133870,Luiz Soyer,PMDB,PMDB,553,1992-11-04 19:08:00,False,True
133870,Luiz Soyer,PMDB,PPR,244,1993-01-12 19:02:00,True,False
133870,Luiz Soyer,PPR,PMDB,856,1993-09-14 22:06:00,False,True
133872,Fausto Rocha,PL+PRONA>PR,PL+PRONA>PR,2141,1992-04-29 16:43:00,False,True
133872,Fausto Rocha,PL+PRONA>PR,PL+PRONA>PR,606,1992-12-16 20:55:00,True,False
133879,Magalhães Teixeira,PSDB,PSDB,1707,1992-10-21 17:30:00,False,True
133880,Marcelo Luz,PDS>PP,PTR,2410,1991-10-08 18:11:00,True,False
133881,João Fagundes,PMDB,PMDB,554,1992-11-04 20:58:00,False,True
133883,Murilo Rezende,PMDB,PMDB,553,1992-11-04 19:08:00,False,True
133884,Maurici Mariano,PMDB,PMDB,1707,1992-10-21 17:30:00,False,True
133885,Diogo Nomura,PL+PRONA>PR,PL+PRONA>PR,2141,1992-04-29 16:43:00,False,True
133885,Diogo Nomura,PL+PRONA>PR,PL+PRONA>PR,1707,1992-10-21 17:30:00,True,False
133887,Marcelino Romano Machado,PDS>PP,PDS>PP,1707,1992-10-21 17:30:00,True,False
133891,João Baptista Motta,PSDB,PSDB,1707,1992-10-21 17:30:00,False,True
133894,Annibal Teixeira,PTB,PTB,2141,1992-04-29 16:43:00,False,True
133894,Annibal Teixeira,PTB,PDS>PP,606,1992-12-16 20:55:00,True,False
133895,Caldas Rodrigues,PTB,PTB,1574,1992-04-29 21:46:00,False,True
133896,Ramalho Leite,PDS>PP,PSC,2138,1993-04-28 19:25:00,True,False
133897,Antônio Morimoto,PTB,PTB,2141,1992-04-29 16:43:00,False,True
133897,Antônio Morimoto,PTB,PPR,906,1992-12-02 20:17:00,True,False
133898,Alano de Freitas,PMDB,PMDB,553,1992-11-04 19:08:00,False,True
133898,Alano de Freitas,PMDB,PPR,244,1993-01-12 19:02:00,True,False
133905,Sérgio Ferrara,PDT,PMDB,1938,1994-01-12 20:34:00,False,True
133905,Sérgio Ferrara,PMDB,PDT,1582,1994-02-02 13:46:00,True,False
133906,Carlos Virgílio,PDS>PP,PDS>PP,553,1992-11-04 19:08:00,True,False
133908,Mauro Sampaio,PSDB,PSDB,553,1992-11-04 19:08:00,False,True
133910,Cardoso Alves,PTB,PTB,2141,1992-04-29 16:43:00,False,True
133910,Cardoso Alves,PTB,PTB,536,1994-02-22 14:06:00,True,False
133911,Eduardo Moreira,PMDB,PMDB,906,1992-12-02 20:17:00,False,True
133912,Ruberval Pilotto,PDS>PP,PDS>PP,606,1992-12-16 20:55:00,True,False
133913,Roberto Torres,PTB,PTB,2141,1992-04-29 16:43:00,False,True
133913,Roberto Torres,PTB,PTB,1582,1994-02-02 13:46:00,True,False
133914,José Luiz Maia,PDS>PP,PDS>PP,1707,1992-10-21 17:30:00,True,False
133918,Felipe Neri,PMDB,PMDB,1707,1992-10-21 17:30:00,False,True
133919,Tarcísio Delgado,PMDB,PMDB,906,1992-12-02 20:17:00,False,True
133920,Getúlio Neiva,PL+PRONA>PR,PL+PRONA>PR,2141,1992-04-29 16:43:00,False,True
133920,Getúlio Neiva,PL+PRONA>PR,PL+PRONA>PR,1707,1992-10-21 17:30:00,True,False
133922,Luiz Tadeu Leite,PMDB,PMDB,1707,1992-10-21 17:30:00,False,True
133923,Paulino Cícero de Vasconcelos,PSDB,PSDB,456,1994-01-12 13:30:00,False,True
133927,Ernani Viana,PSDB,PSDB,1707,1992-10-21 17:30:00,False,True
133927,Ernani Viana,PSDB,PDS>PP,244,1993-01-12 19:02:00,True,False
133928,Wilmar Peres,PL+PRONA>PR,PL+PRONA>PR,2141,1992-04-29 16:43:00,False,True
133933,Jorio de Barros,PMDB,PMDB,1707,1992-10-21 17:30:00,False,True
133934,Paulo Hartung,PSDB,PSDB,1707,1992-10-21 17:30:00,False,True
133935,João Rodolfo,PDS>PP,PDS>PP,1707,1992-10-21 17:30:00,True,False
133940,José Diogo,PDS>PP,PDS>PP,553,1992-11-04 19:08:00,True,False
133944,Onaireves Moura,PTB,PTB,2141,1992-04-29 16:43:00,False,True
133944,Onaireves Moura,PTB,PTN,244,1993-01-12 19:02:00,True,False
133949,Sérgio Gaudenzi,PDT,PSDB,244,1993-01-12 19:02:00,False,True
133950,Fernando Carrion,PDS>PP,PDS>PP,1800,1992-12-03 17:07:00,True,False
133954,Jarvis Gaidzinski,PL+PRONA>PR,PL+PRONA>PR,1577,1992-05-06 18:04:00,False,True
133954,Jarvis Gaidzinski,PL+PRONA>PR,PL+PRONA>PR,1707,1992-10-21 17:30:00,True,False
133955,Osvaldo Melo,PDS>PP,PDS>PP,1707,1992-10-21 17:30:00,True,False
133958,Aluizio Alves,PMDB,PMDB,906,1992-12-02 20:17:00,False,True
133958,Aluizio Alves,PMDB,PPR,244,1993-01-12 19:02:00,True,False
133958,Aluizio Alves,PPR,PMDB,855,1993-09-14 20:57:00,False,True
133960,Vasco Furlan,PDS>PP,PDS>PP,1707,1992-10-21 17:30:00,True,False
133962,José Ulisses de Oliveira,PRS,PTB,244,1993-01-12 19:02:00,False,True
133962,José Ulisses de Oliveira,PTB,PTB,1582,1994-02-02 13:46:00,True,False
133963,Osório Santa Cruz,PDC,PFL>DEM,2202,1994-04-20 13:08:00,False,True
133964,Gastone Righi,PTB,PTB,2141,1992-04-29 16:43:00,False,True
133964,Gastone Righi,PTB,PTB,820,1994-02-08 13:25:00,True,False
133965,Mendes Botelho,PTB,PTB,2141,1992-04-29 16:43:00,False,True
133965,Mendes Botelho,PTB,PDS>PP,906,1992-12-02 20:17:00,True,False
133966,Solon Borges dos Reis,PTB,PTB,1574,1992-04-29 21:46:00,False,True
133966,Solon Borges dos Reis,PTB,PSC,1799,1992-11-25 17:16:00,True,False
133967,Luiz Viana Neto,PMDB,PFL>DEM,118,1993-01-20 20:32:00,False,True
133971,Célio de Castro,PSB,PSB,553,1992-11-04 19:08:00,False,True
133974,Jones Santos Neves,PL+PRONA>PR,PL+PRONA>PR,2141,1992-04-29 16:43:00,False,True
133974,Jones Santos Neves,PL+PRONA>PR,PL+PRONA>PR,1707,1992-10-21 17:30:00,True,False
133975,José Maranhão,PMDB,PMDB,553,1992-11-04 19:08:00,False,True
133976,José Carlos Vasconcellos,PRN,PRN,1803,1992-12-08 17:51:00,True,False
133979,Genebaldo Correia,PMDB,PMDB,553,1992-11-04 19:08:00,False,True
133979,Genebaldo Correia,PMDB,PPR,244,1993-01-12 19:02:00,True,False
133979,Genebaldo Correia,PPR,PMDB,855,1993-09-14 20:57:00,False,True
133980,João Alves,PDS>PP,PDS>PP,553,1992-11-04 19:08:00,True,False
133980,João Alves,PDS>PP,PFL>DEM,127,1993-01-21 12:59:00,False,True
133980,João Alves,PFL>DEM,PPR,534,1993-03-10 19:09:00,True,False
133981,José Geraldo,PMDB,PMDB,1707,1992-10-21 17:30:00,False,True
133988,Aloisio Vasconcelos,PMDB,PMDB,244,1993-01-12 19:02:00,False,True
133989,Délio Braz,PMDB,PFL>DEM,2410,1991-10-08 18:11:00,False,True
133990,Airton Sandoval,PPR,PMDB,304,1993-03-02 17:39:00,False,True
133991,Chico Amaral,PPR,PMDB,304,1993-03-02 17:39:00,False,True
133992,Roberto Rollemberg,PMDB,PMDB,1707,1992-10-21 17:30:00,False,True
133993,Domingos Juvenil,PMDB,PMDB,1707,1992-10-21 17:30:00,False,True
133995,Cid Carvalho,PMDB,PMDB,553,1992-11-04 19:08:00,False,True
133995,Cid Carvalho,PMDB,PPR,244,1993-01-12 19:02:00,True,False
133995,Cid Carvalho,PPR,PMDB,1362,1993-09-22 20:06:00,False,True
133997,Celso Bernardi,PDS>PP,PDS>PP,1707,1992-10-21 17:30:00,True,False
137578,Fred Kohler,PCB>PPS,PMDB,1704,2006-02-08 18:27:00,False,True
141336,Charles Lucena,PTB,PTB,1201,2009-09-30 17:25:00,True,False
141380,Angela Portela,PJ>PTC,PT,2012,2007-03-15 11:26:00,False,True
141382,Tonha Magalhães,PFL>DEM,PL+PRONA>PR,1174,2007-03-05 17:20:00,False,True
141383,Antonio Bulhões,PMR>PRB,PMR>PRB,1087,2012-03-06 20:06:00,False,True
141384,Valadares Filho,PSB,PSB,1990,2013-10-16 19:17:00,True,False
141392,Arnaldo Vianna,PDT,PDT,613,2007-04-02 19:17:00,False,True
141397,Carlos Alberto Canuto,PMDB,PSC,522,2009-10-06 20:36:00,True,False
141399,Brizola Neto,PDT,PDT,764,2007-04-03 16:18:00,False,True
141400,Vieira da Cunha,PDT,PDT,613,2007-04-02 19:17:00,False,True
141408,Cleber Verde,PAN,PTB,613,2007-04-02 19:17:00,False,True
141408,Cleber Verde,PTB,PAN,615,2007-04-10 11:43:00,True,False
141408,Cleber Verde,PAN,PMR>PRB,1697,2007-07-10 17:00:00,False,True
141408,Cleber Verde,PMR>PRB,PMR>PRB,1845,2012-03-07 19:57:00,False,True
141409,Clodovil Hernandes,PJ>PTC,PL+PRONA>PR,2224,2007-09-25 20:04:00,False,True
141410,Cristiano Matheus,PFL>DEM,PMDB,2355,2007-03-26 19:24:00,False,True
141411,Dagoberto,PDT,PDT,613,2007-04-02 19:17:00,False,True
141412,Davi Alves Silva Júnior,PDT,PDT,613,2007-04-02 19:17:00,False,True
141412,Davi Alves Silva Júnior,PDT,PSC,2224,2007-09-25 20:04:00,True,False
141412,Davi Alves Silva Júnior,PSC,PDT,1201,2009-09-30 17:25:00,False,True
141414,Dr. Basegio,PDT,PDT,764,2007-04-03 16:18:00,False,True
141415,Djalma Berger,PSDB,PSB,1931,2007-03-21 20:01:00,False,True
141425,Ernandes Amorim,PTB,PTB,1201,2009-09-30 17:25:00,True,False
141431,Fernando Coelho Filho,PSB,PSB,368,2013-10-08 00:23:00,True,False
141441,George Hilton,PMR>PRB,PMR>PRB,1087,2012-03-06 20:06:00,False,True
141448,Homero Pereira,PL+PRONA>PR,PSD,2054,2011-10-26 21:16:00,True,False
141449,Barbosa Neto,PDT,PDT,613,2007-04-02 19:17:00,False,True
141459,João Maia,PTR,PDS>PP,1889,1992-03-11 18:35:00,False,True
141459,João Maia,PDS>PP,PTR,553,1992-11-04 19:08:00,True,False
141459,João Maia,PDS>PP,PMDB,1959,1995-02-16 16:49:00,False,True
141463,Abelardo Camarinha,PSB,PSB,368,2013-10-08 00:23:00,True,False
141474,Julião Amin,PDT,PDT,613,2007-04-02 19:17:00,False,True
141475,Jurandy Loureiro,PAN,PTB,764,2007-04-03 16:18:00,False,True
141475,Jurandy Loureiro,PTB,PAN,615,2007-04-10 11:43:00,True,False
141476,Jusmari Oliveira,PFL>DEM,PL+PRONA>PR,613,2007-04-02 19:17:00,False,True
141477,Juvenil,PT,PRTB,1730,2007-10-08 18:49:00,True,False
141478,Laerte Bessa,PMDB,PSC,1935,2009-10-13 19:17:00,True,False
141483,Lindomar Garçon,PV,PL+PRONA>PR,1931,2007-03-21 20:01:00,False,True
141483,Lindomar Garçon,PL+PRONA>PR,PV,1329,2007-05-02 17:39:00,True,False
141485,Luiz Carlos Busato,PTB,PTB,1201,2009-09-30 17:25:00,True,False
141491,Pastor Manoel Ferreira,PTB,PTB,1201,2009-09-30 17:25:00,True,False
141491,Pastor Manoel Ferreira,PTB,PL+PRONA>PR,740,2009-10-07 19:09:00,False,True
141495,Marcelo Itagiba,PMDB,PSDB,2287,2009-11-17 17:11:00,True,False
141496,Marcio Junqueira,PFL>DEM,PDS>PP,1075,2013-09-03 19:34:00,False,True
141496,Marcio Junqueira,PDS>PP,PROS,368,2013-10-08 00:23:00,True,False
141497,Márcio França,PSB,PSB,368,2013-10-08 00:23:00,True,False
141498,Dr. Ubiali,PSB,PSB,368,2013-10-08 00:23:00,True,False
141499,Marcos Antonio,PAN,PMR>PRB,1697,2007-07-10 17:00:00,False,True
141506,Maurício Trindade,PL+PRONA>PR,PROS,923,2014-04-09 19:57:00,True,False
141518,Paulo Pereira da Silva,PDT,PDT,613,2007-04-02 19:17:00,False,True
141518,Paulo Pereira da Silva,PDT,SD,1301,2013-10-01 18:08:00,True,False
141519,Paulo Piau,PCB>PPS,PMDB,864,2007-03-13 16:52:00,False,True
141521,Paulo Roberto,PTB,PTB,1201,2009-09-30 17:25:00,True,False
141522,Sabino Castelo Branco,PTB,PTB,1201,2009-09-30 17:25:00,True,False
141526,Reinaldo Nogueira,PDT,PDT,765,2007-04-03 18:35:00,False,True
141530,Rodovalho,PFL>DEM,PDS>PP,281,2010-03-09 17:17:00,False,True
141535,Rogério Marinho,PSB,PSDB,756,2009-05-19 19:24:00,True,False
141539,Sebastião Bala Rocha,PDT,PDT,765,2007-04-03 18:35:00,False,True
141539,Sebastião Bala Rocha,PDT,SD,1301,2013-10-01 18:08:00,True,False
141540,Dr. Nechar,PV,PDS>PP,522,2009-10-06 20:36:00,False,True
141542,Sérgio Moraes,PTB,PTB,1935,2009-10-13 19:17:00,True,False
141548,Sueli Vidigal,PDT,PDT,613,2007-04-02 19:17:00,False,True
141552,Valtenir Pereira,PSB,PROS,368,2013-10-08 00:23:00,True,False
143632,Domingos Neto,PSB,PROS,1317,2014-02-19 19:54:00,True,False
147975,Dr. Paulo César,PL+PRONA>PR,PSD,2054,2011-10-26 21:16:00,True,False
147975,Dr. Paulo César,PSD,PL+PRONA>PR,369,2013-10-09 17:12:00,False,True
150418,Márcio Marinho,PMR>PRB,PMR>PRB,1087,2012-03-06 20:06:00,False,True
151208,Laercio Oliveira,PL+PRONA>PR,SD,368,2013-10-08 00:23:00,True,False
152605,Glauber Braga,PSB,PSB,368,2013-10-08 00:23:00,True,False
152607,Zé Vieira,PSDB,PL+PRONA>PR,136,2009-05-05 18:19:00,False,True
152607,Zé Vieira,PL+PRONA>PR,PROS,1993,2013-10-22 18:46:00,True,False
152609,Elizeu Aguiar,PTB,PTB,1201,2009-09-30 17:25:00,True,False
152610,Roberto Alves,PTB,PTB,1201,2009-09-30 17:25:00,True,False
152611,Antonio Carlos Chamariz,PTB,PTB,1201,2009-09-30 17:25:00,True,False
160509,Jorginho Mello,PSDB,PL+PRONA>PR,1706,2012-11-13 17:36:00,False,True
160517,Paulo Foletto,PSB,PSB,368,2013-10-08 00:23:00,True,False
160528,Danilo Cabral,PSB,PSB,1918,2014-04-22 18:23:00,True,False
160531,Jhonatan de Jesus,PMR>PRB,PMR>PRB,1087,2012-03-06 20:06:00,False,True
160533,Liliam Sá,PL+PRONA>PR,PSD,1747,2011-11-08 00:37:00,True,False
160533,Liliam Sá,PSD,PL+PRONA>PR,1871,2013-08-13 21:05:00,False,True
160533,Liliam Sá,PL+PRONA>PR,PROS,370,2013-10-09 19:39:00,True,False
160540,Otoniel Lima,PMR>PRB,PMR>PRB,1087,2012-03-06 20:06:00,False,True
160547,Luiz Argôlo,PDS>PP,SD,368,2013-10-08 00:23:00,True,False
160550,Luiz Pitiman,PMDB,PSDB,1301,2013-10-01 18:08:00,True,False
160576,César Halum,PSD,PMR>PRB,1990,2013-10-16 19:17:00,False,True
160579,Alexandre Roso,PSB,PSB,368,2013-10-08 00:23:00,True,False
160580,Cida Borghetti,PDS>PP,PROS,1990,2013-10-16 19:17:00,True,False
160588,Diego Andrade,PL+PRONA>PR,PSD,2054,2011-10-26 21:16:00,True,False
160591,Vinicius Gurgel,PRTB,PL+PRONA>PR,39,2011-10-05 19:04:00,False,True
160597,Romário,PSB,PSB,366,2013-10-08 21:18:00,True,False
160600,Arthur Oliveira Maia,PMDB,SD,368,2013-10-08 00:23:00,True,False
160607,Jose Stédile,PSB,PSB,368,2013-10-08 00:23:00,True,False
160608,Teresa Jucá,PDS>PP,PDS>PP,1707,1992-10-21 17:30:00,True,False
160612,Sergio Zveiter,PDT,PSD,2054,2011-10-26 21:16:00,True,False
160617,Thiago Peixoto,PMDB,PSD,1758,2011-11-22 15:59:00,True,False
160618,Edson Pimenta,PCdoB,PSD,2054,2011-10-26 21:16:00,True,False
160626,Almeida Lima,PMDB,PCB>PPS,1743,2011-11-08 18:50:00,True,False
160626,Almeida Lima,PCB>PPS,PMDB,992,2013-10-01 19:02:00,False,True
160632,Zé Silva,PDT,SD,210,2014-04-07 20:54:00,True,False
160636,Wilson Filho,PMDB,PTB,368,2013-10-08 00:23:00,True,False
160636,Wilson Filho,PTB,PMDB,364,2013-10-08 17:57:00,False,True
160637,Ronaldo Fonseca,PL+PRONA>PR,PROS,368,2013-10-08 00:23:00,True,False
160642,Pastor Eurico,PSB,PSB,364,2013-10-08 17:57:00,True,False
160643,Dr. Jorge Silva,PDT,PROS,368,2013-10-08 00:23:00,True,False
160656,Raul Lima,PDS>PP,PSD,1744,2011-11-08 20:24:00,True,False
160656,Raul Lima,PSD,PDS>PP,365,2013-10-08 19:52:00,False,True
160659,Keiko Ota,PSB,PSB,368,2013-10-08 00:23:00,True,False
160663,Leopoldo Meyer,PSB,PSB,368,2013-10-08 00:23:00,True,False
160667,Guilherme Mussi,PSD,PDS>PP,2122,2013-08-07 19:24:00,False,True
160669,Genecias Noronha,PMDB,SD,364,2013-10-08 17:57:00,True,False
161903,Roberto Dorner,PDS>PP,PSD,2054,2011-10-26 21:16:00,True,False
161907,Acelino Popó,PMR>PRB,PMR>PRB,1087,2012-03-06 20:06:00,False,True
162332,Luiz Nishimori,PSDB,PL+PRONA>PR,1993,2013-10-22 18:46:00,False,True
163322,Vilalba,PMR>PRB,PMR>PRB,1087,2012-03-06 20:06:00,False,True
166402,Magda Mofatto,PTB,PL+PRONA>PR,1301,2013-10-01 18:08:00,False,True
167614,Severino Ninho,PSB,PSB,368,2013-10-08 00:23:00,True,False
